c0,c1,c2,c3,c4,c5,c6,c7,c8,c9
17.0,26.0,111.0,246.0,224.0,67.0,82.0,51.0,77.0,31.0
17.0,26.0,126.0,323.0,231.0,63.0,78.0,54.0,91.0,28.0
20.0,26.0,106.0,315.0,196.0,62.0,76.0,52.0,68.0,29.0
21.0,0.0,118.0,407.0,160.0,80.0,101.0,50.0,73.0,22.0
19.0,29.0,120.0,274.0,179.0,66.0,82.0,49.0,61.0,33.0
19.0,25.0,87.0,280.0,165.0,63.0,76.0,44.0,61.0,20.0
18.0,21.0,83.0,263.0,162.0,61.0,76.0,46.0,69.0,16.0
14.0,21.0,89.0,203.0,175.0,59.0,73.0,41.0,58.0,18.0
14.0,25.0,73.0,213.0,160.0,53.0,69.0,39.0,54.0,16.0
16.0,22.0,79.0,204.0,164.0,65.0,81.0,44.0,50.0,19.0
14.0,23.0,85.0,206.0,152.0,57.0,77.0,37.0,51.0,16.0
16.0,22.0,75.0,217.0,169.0,56.0,73.0,48.0,68.0,17.0
16.0,21.0,70.0,0.0,148.0,57.0,71.0,44.0,59.0,17.0
15.0,19.0,68.0,0.0,147.0,52.0,67.0,35.0,48.0,16.0
15.0,19.0,70.0,192.0,148.0,55.0,66.0,36.0,45.0,15.0
15.0,20.0,67.0,174.0,129.0,63.0,77.0,39.0,44.0,14.0
12.0,18.0,75.0,167.0,153.0,50.0,65.0,36.0,43.0,15.0
13.0,19.0,0.0,0.0,0.0,52.0,63.0,38.0,47.0,14.0
12.0,19.0,83.0,182.0,146.0,67.0,76.0,35.0,44.0,13.0
11.0,16.0,101.0,170.0,139.0,51.0,63.0,32.0,40.0,14.0
12.0,20.0,73.0,184.0,124.0,53.0,62.0,37.0,40.0,13.0
12.0,0.0,61.0,158.0,128.0,51.0,63.0,31.0,38.0,13.0
11.0,18.0,68.0,155.0,148.0,48.0,60.0,29.0,35.0,14.0
12.0,18.0,66.0,172.0,127.0,45.0,55.0,33.0,41.0,14.0
13.0,17.0,61.0,0.0,139.0,54.0,64.0,32.0,37.0,13.0
12.0,17.0,66.0,165.0,163.0,46.0,57.0,31.0,32.0,14.0
12.0,0.0,74.0,185.0,179.0,46.0,55.0,32.0,38.0,15.0
12.0,19.0,54.0,140.0,153.0,52.0,62.0,29.0,35.0,14.0
11.0,19.0,60.0,164.0,132.0,42.0,51.0,32.0,33.0,14.0
10.0,17.0,55.0,0.0,0.0,48.0,54.0,30.0,32.0,14.0
13.0,18.0,54.0,0.0,124.0,52.0,63.0,30.0,35.0,12.0
0.0,16.0,58.0,161.0,149.0,41.0,49.0,27.0,31.0,13.0
11.0,17.0,58.0,168.0,0.0,43.0,50.0,28.0,35.0,14.0
12.0,16.0,57.0,0.0,154.0,50.0,62.0,28.0,32.0,0.0
12.0,17.0,0.0,218.0,142.0,39.0,47.0,27.0,36.0,0.0
0.0,16.0,59.0,0.0,120.0,43.0,0.0,27.0,33.0,13.0
13.0,18.0,0.0,0.0,126.0,47.0,58.0,0.0,33.0,12.0
10.0,20.0,66.0,138.0,176.0,0.0,0.0,29.0,35.0,0.0
12.0,16.0,58.0,161.0,149.0,46.0,54.0,28.0,37.0,15.0
11.0,22.0,64.0,123.0,135.0,45.0,55.0,34.0,34.0,0.0
11.0,0.0,77.0,120.0,172.0,45.0,56.0,32.0,41.0,14.0
11.0,19.0,71.0,89.0,122.0,44.0,53.0,34.0,34.0,14.0
13.0,16.0,69.0,103.0,145.0,47.0,57.0,35.0,37.0,14.0
11.0,19.0,82.0,147.0,227.0,40.0,50.0,38.0,41.0,16.0
13.0,18.0,90.0,166.0,158.0,48.0,56.0,34.0,41.0,16.0
14.0,19.0,64.0,125.0,166.0,53.0,61.0,39.0,39.0,16.0
12.0,21.0,90.0,138.0,182.0,81.0,75.0,39.0,46.0,20.0
14.0,20.0,111.0,121.0,135.0,64.0,67.0,39.0,45.0,20.0
14.0,19.0,104.0,155.0,209.0,52.0,62.0,40.0,46.0,17.0
13.0,22.0,112.0,142.0,244.0,51.0,62.0,46.0,61.0,19.0
15.0,22.0,102.0,127.0,173.0,53.0,63.0,39.0,62.0,18.0
15.0,23.0,90.0,172.0,194.0,58.0,70.0,78.0,51.0,22.0
13.0,30.0,112.0,187.0,292.0,62.0,75.0,52.0,40.0,23.0
16.0,30.0,98.0,147.0,247.0,59.0,73.0,44.0,62.0,20.0
17.0,27.0,123.0,177.0,343.0,74.0,93.0,44.0,55.0,21.0
16.0,33.0,119.0,147.0,295.0,60.0,77.0,44.0,56.0,23.0
17.0,35.0,132.0,138.0,225.0,64.0,79.0,50.0,71.0,25.0
22.0,32.0,130.0,146.0,328.0,68.0,39.0,69.0,61.0,22.0
17.0,32.0,185.0,147.0,295.0,80.0,93.0,69.0,68.0,26.0
18.0,34.0,257.0,139.0,274.0,74.0,88.0,29.0,31.0,36.0
22.0,41.0,153.0,175.0,262.0,83.0,97.0,56.0,41.0,31.0
18.0,32.0,175.0,161.0,268.0,87.0,113.0,32.0,36.0,31.0
20.0,33.0,166.0,178.0,279.0,76.0,98.0,56.0,93.0,44.0
21.0,33.0,165.0,148.0,227.0,36.0,43.0,65.0,45.0,24.0
19.0,33.0,177.0,184.0,415.0,77.0,48.0,31.0,36.0,37.0
21.0,35.0,156.0,223.0,291.0,74.0,89.0,59.0,62.0,37.0
21.0,34.0,157.0,199.0,262.0,78.0,93.0,60.0,66.0,33.0
17.0,51.0,163.0,153.0,302.0,87.0,103.0,58.0,40.0,34.0
21.0,39.0,178.0,173.0,312.0,114.0,63.0,60.0,40.0,36.0
21.0,43.0,169.0,165.0,279.0,121.0,133.0,29.0,38.0,35.0
19.0,38.0,156.0,208.0,261.0,74.0,91.0,65.0,91.0,36.0
22.0,37.0,161.0,154.0,296.0,73.0,89.0,51.0,34.0,38.0
25.0,40.0,148.0,169.0,276.0,77.0,90.0,60.0,66.0,34.0
22.0,37.0,163.0,146.0,312.0,87.0,104.0,56.0,65.0,43.0
20.0,38.0,227.0,167.0,304.0,109.0,129.0,51.0,72.0,34.0
25.0,36.0,175.0,157.0,367.0,90.0,107.0,24.0,33.0,31.0
21.0,35.0,187.0,158.0,314.0,109.0,133.0,53.0,67.0,32.0
20.0,35.0,183.0,136.0,244.0,53.0,131.0,53.0,85.0,45.0
23.0,38.0,146.0,148.0,270.0,78.0,94.0,56.0,69.0,45.0
23.0,43.0,132.0,163.0,256.0,76.0,99.0,23.0,67.0,35.0
21.0,33.0,149.0,156.0,267.0,67.0,86.0,52.0,67.0,37.0
22.0,39.0,142.0,218.0,228.0,36.0,43.0,56.0,68.0,39.0
22.0,40.0,208.0,163.0,287.0,65.0,89.0,50.0,70.0,32.0
21.0,43.0,177.0,162.0,279.0,63.0,86.0,62.0,79.0,28.0
22.0,33.0,178.0,183.0,272.0,65.0,78.0,55.0,78.0,32.0
23.0,34.0,175.0,207.0,261.0,68.0,83.0,50.0,73.0,28.0
23.0,36.0,135.0,206.0,301.0,62.0,74.0,54.0,69.0,27.0
20.0,51.0,141.0,170.0,268.0,67.0,75.0,61.0,82.0,39.0
23.0,31.0,161.0,158.0,390.0,65.0,80.0,63.0,82.0,28.0
21.0,30.0,175.0,169.0,305.0,64.0,79.0,68.0,91.0,30.0
22.0,38.0,140.0,199.0,285.0,73.0,88.0,75.0,94.0,26.0
21.0,46.0,134.0,146.0,241.0,60.0,79.0,32.0,51.0,30.0
20.0,45.0,118.0,170.0,270.0,60.0,72.0,62.0,91.0,36.0
19.0,44.0,140.0,180.0,251.0,62.0,77.0,60.0,89.0,34.0
21.0,37.0,139.0,178.0,387.0,66.0,84.0,68.0,85.0,33.0
21.0,45.0,129.0,191.0,367.0,68.0,82.0,55.0,76.0,38.0
21.0,45.0,140.0,160.0,329.0,80.0,96.0,65.0,85.0,32.0
22.0,50.0,165.0,178.0,349.0,106.0,129.0,57.0,82.0,30.0
21.0,47.0,145.0,166.0,318.0,88.0,106.0,30.0,40.0,33.0
19.0,47.0,152.0,149.0,296.0,93.0,112.0,56.0,71.0,32.0
25.0,46.0,157.0,136.0,437.0,71.0,84.0,53.0,80.0,16.0
21.0,52.0,158.0,172.0,325.0,80.0,91.0,60.0,82.0,33.0
25.0,48.0,141.0,159.0,341.0,75.0,94.0,55.0,99.0,22.0
27.0,41.0,140.0,170.0,333.0,70.0,90.0,59.0,122.0,55.0
20.0,40.0,167.0,190.0,349.0,85.0,104.0,59.0,86.0,22.0
18.0,43.0,154.0,192.0,345.0,86.0,50.0,60.0,75.0,44.0
18.0,38.0,156.0,201.0,324.0,39.0,46.0,64.0,37.0,23.0
18.0,40.0,140.0,197.0,322.0,36.0,88.0,58.0,73.0,20.0
20.0,39.0,169.0,168.0,306.0,79.0,97.0,73.0,80.0,17.0
18.0,41.0,177.0,175.0,252.0,79.0,94.0,60.0,76.0,32.0
17.0,43.0,146.0,174.0,267.0,96.0,110.0,57.0,82.0,38.0
20.0,43.0,154.0,168.0,386.0,76.0,91.0,72.0,86.0,39.0
16.0,39.0,185.0,330.0,304.0,78.0,90.0,65.0,86.0,40.0
16.0,42.0,165.0,206.0,321.0,83.0,99.0,59.0,84.0,37.0
17.0,45.0,154.0,225.0,338.0,39.0,31.0,62.0,85.0,41.0
18.0,38.0,148.0,307.0,277.0,90.0,114.0,57.0,78.0,38.0
17.0,43.0,133.0,270.0,282.0,32.0,40.0,30.0,25.0,33.0
20.0,48.0,134.0,194.0,252.0,92.0,111.0,71.0,78.0,32.0
18.0,38.0,153.0,187.0,292.0,74.0,46.0,73.0,85.0,33.0
18.0,41.0,157.0,192.0,256.0,90.0,53.0,52.0,83.0,47.0
30.0,35.0,166.0,270.0,246.0,41.0,49.0,62.0,83.0,31.0
31.0,36.0,147.0,329.0,284.0,74.0,45.0,54.0,74.0,32.0
20.0,36.0,151.0,256.0,259.0,34.0,28.0,50.0,74.0,37.0
17.0,38.0,156.0,235.0,222.0,66.0,80.0,62.0,78.0,33.0
19.0,37.0,145.0,263.0,283.0,84.0,104.0,59.0,69.0,33.0
19.0,34.0,149.0,218.0,248.0,74.0,89.0,63.0,108.0,23.0
20.0,34.0,131.0,177.0,233.0,76.0,92.0,72.0,38.0,16.0
18.0,33.0,137.0,172.0,349.0,62.0,76.0,54.0,70.0,31.0
20.0,35.0,125.0,139.0,311.0,64.0,79.0,48.0,73.0,36.0
19.0,30.0,115.0,162.0,424.0,67.0,77.0,54.0,80.0,56.0
22.0,36.0,117.0,173.0,296.0,61.0,75.0,55.0,74.0,37.0
20.0,35.0,113.0,135.0,260.0,64.0,76.0,55.0,85.0,32.0
19.0,30.0,135.0,181.0,318.0,66.0,81.0,55.0,83.0,38.0
17.0,31.0,119.0,155.0,272.0,59.0,74.0,52.0,64.0,41.0
17.0,31.0,117.0,144.0,200.0,57.0,72.0,58.0,68.0,32.0
15.0,27.0,111.0,149.0,182.0,61.0,75.0,62.0,62.0,36.0
18.0,27.0,150.0,182.0,331.0,52.0,66.0,60.0,71.0,36.0
18.0,29.0,170.0,160.0,257.0,78.0,79.0,50.0,68.0,31.0
22.0,0.0,135.0,164.0,230.0,72.0,85.0,59.0,91.0,40.0
15.0,28.0,99.0,154.0,214.0,74.0,83.0,53.0,81.0,34.0
17.0,29.0,84.0,158.0,186.0,62.0,72.0,49.0,59.0,27.0
15.0,31.0,174.0,122.0,179.0,68.0,84.0,51.0,74.0,45.0
17.0,22.0,143.0,154.0,192.0,54.0,70.0,45.0,62.0,33.0
16.0,28.0,140.0,156.0,229.0,58.0,68.0,43.0,60.0,25.0
15.0,24.0,120.0,201.0,214.0,58.0,72.0,42.0,64.0,23.0
14.0,21.0,128.0,250.0,215.0,52.0,61.0,42.0,55.0,22.0
15.0,0.0,103.0,240.0,217.0,51.0,62.0,44.0,56.0,18.0
14.0,21.0,111.0,264.0,398.0,57.0,72.0,58.0,73.0,22.0
14.0,19.0,101.0,247.0,277.0,50.0,59.0,43.0,56.0,0.0
14.0,24.0,128.0,314.0,177.0,0.0,65.0,41.0,50.0,15.0
13.0,19.0,105.0,323.0,183.0,59.0,71.0,45.0,54.0,17.0
13.0,18.0,96.0,242.0,337.0,48.0,61.0,36.0,47.0,15.0
15.0,20.0,95.0,228.0,252.0,54.0,66.0,45.0,50.0,0.0
14.0,18.0,0.0,222.0,408.0,58.0,68.0,38.0,47.0,0.0
15.0,0.0,82.0,238.0,290.0,51.0,62.0,42.0,48.0,13.0
14.0,18.0,73.0,212.0,145.0,50.0,60.0,36.0,43.0,0.0
15.0,0.0,68.0,0.0,0.0,51.0,64.0,39.0,43.0,15.0
13.0,0.0,68.0,0.0,160.0,49.0,59.0,37.0,43.0,0.0
12.0,17.0,71.0,0.0,115.0,46.0,55.0,40.0,44.0,0.0
11.0,0.0,66.0,0.0,0.0,46.0,56.0,38.0,42.0,0.0
10.0,0.0,63.0,159.0,157.0,43.0,51.0,34.0,41.0,0.0
0.0,18.0,67.0,0.0,113.0,42.0,52.0,34.0,39.0,0.0
11.0,0.0,69.0,0.0,0.0,46.0,54.0,35.0,42.0,14.0
11.0,0.0,61.0,157.0,0.0,42.0,49.0,34.0,37.0,0.0
10.0,0.0,63.0,0.0,0.0,42.0,49.0,34.0,37.0,0.0
11.0,0.0,0.0,0.0,0.0,45.0,52.0,32.0,36.0,0.0
0.0,14.0,0.0,0.0,0.0,43.0,50.0,31.0,32.0,12.0
0.0,0.0,68.0,177.0,99.0,0.0,0.0,31.0,34.0,13.0
0.0,16.0,60.0,0.0,0.0,43.0,50.0,30.0,42.0,14.0
10.0,0.0,0.0,135.0,124.0,37.0,44.0,30.0,33.0,0.0
10.0,0.0,64.0,0.0,0.0,0.0,0.0,0.0,31.0,0.0
12.0,0.0,0.0,0.0,0.0,45.0,51.0,27.0,33.0,0.0
11.0,0.0,0.0,0.0,0.0,37.0,44.0,0.0,31.0,0.0
11.0,0.0,0.0,0.0,0.0,39.0,46.0,43.0,0.0,11.0
12.0,16.0,0.0,0.0,0.0,0.0,0.0,0.0,0.0,0.0
11.0,15.0,0.0,0.0,122.0,0.0,45.0,0.0,0.0,0.0
11.0,0.0,0.0,153.0,0.0,38.0,0.0,28.0,0.0,12.0
12.0,16.0,0.0,0.0,0.0,49.0,56.0,28.0,0.0,0.0
11.0,0.0,67.0,0.0,131.0,44.0,48.0,29.0,30.0,0.0
10.0,18.0,65.0,0.0,110.0,40.0,46.0,29.0,32.0,12.0
14.0,18.0,67.0,167.0,127.0,45.0,53.0,28.0,36.0,15.0
11.0,16.0,73.0,128.0,132.0,41.0,47.0,30.0,32.0,13.0
12.0,19.0,69.0,126.0,124.0,40.0,48.0,29.0,35.0,14.0
12.0,18.0,83.0,120.0,132.0,0.0,54.0,37.0,39.0,15.0
11.0,17.0,77.0,98.0,166.0,49.0,54.0,0.0,39.0,15.0
11.0,20.0,81.0,86.0,128.0,48.0,55.0,39.0,40.0,15.0
12.0,19.0,90.0,129.0,130.0,48.0,55.0,36.0,41.0,15.0
12.0,17.0,90.0,116.0,172.0,58.0,63.0,30.0,36.0,17.0
13.0,20.0,99.0,137.0,180.0,52.0,60.0,37.0,39.0,16.0
12.0,21.0,91.0,131.0,161.0,64.0,73.0,38.0,54.0,17.0
12.0,22.0,107.0,125.0,168.0,71.0,80.0,45.0,53.0,18.0
14.0,31.0,107.0,150.0,185.0,60.0,67.0,46.0,48.0,19.0
14.0,25.0,115.0,141.0,206.0,62.0,73.0,43.0,49.0,25.0
14.0,26.0,133.0,120.0,212.0,73.0,86.0,41.0,49.0,23.0
14.0,28.0,128.0,136.0,225.0,66.0,79.0,45.0,62.0,28.0
16.0,31.0,124.0,158.0,216.0,65.0,75.0,49.0,52.0,22.0
16.0,30.0,154.0,145.0,245.0,65.0,75.0,51.0,60.0,23.0
14.0,41.0,126.0,175.0,264.0,67.0,81.0,51.0,62.0,24.0
16.0,35.0,128.0,253.0,244.0,68.0,40.0,55.0,60.0,28.0
19.0,41.0,153.0,288.0,335.0,64.0,75.0,52.0,31.0,25.0
19.0,37.0,152.0,251.0,289.0,69.0,83.0,28.0,30.0,31.0
18.0,45.0,181.0,278.0,315.0,88.0,103.0,55.0,70.0,39.0
19.0,57.0,164.0,166.0,375.0,75.0,89.0,58.0,74.0,31.0
16.0,47.0,206.0,185.0,278.0,80.0,91.0,69.0,79.0,32.0
18.0,51.0,177.0,201.0,434.0,90.0,109.0,70.0,77.0,31.0
17.0,46.0,165.0,180.0,352.0,78.0,90.0,84.0,98.0,38.0
18.0,55.0,183.0,211.0,315.0,39.0,90.0,77.0,40.0,34.0
17.0,70.0,196.0,209.0,371.0,94.0,105.0,37.0,78.0,31.0
17.0,74.0,205.0,211.0,360.0,76.0,91.0,65.0,76.0,27.0
19.0,83.0,164.0,268.0,360.0,73.0,87.0,66.0,82.0,29.0
20.0,86.0,157.0,249.0,381.0,85.0,97.0,69.0,42.0,26.0
21.0,65.0,194.0,271.0,514.0,69.0,79.0,90.0,79.0,28.0
23.0,74.0,193.0,231.0,395.0,72.0,89.0,81.0,83.0,16.0
17.0,69.0,183.0,215.0,503.0,82.0,98.0,32.0,41.0,52.0
20.0,73.0,162.0,198.0,435.0,78.0,100.0,65.0,76.0,57.0
20.0,74.0,190.0,182.0,461.0,89.0,107.0,75.0,76.0,59.0
19.0,81.0,196.0,186.0,520.0,97.0,108.0,68.0,83.0,53.0
20.0,96.0,190.0,195.0,423.0,79.0,93.0,67.0,77.0,63.0
20.0,66.0,165.0,160.0,379.0,81.0,45.0,31.0,45.0,57.0
21.0,68.0,156.0,203.0,364.0,77.0,46.0,69.0,89.0,36.0
19.0,69.0,169.0,167.0,608.0,77.0,90.0,55.0,70.0,31.0
21.0,45.0,168.0,193.0,382.0,77.0,89.0,29.0,72.0,34.0
19.0,44.0,161.0,166.0,365.0,75.0,91.0,62.0,76.0,42.0
20.0,43.0,167.0,177.0,540.0,67.0,79.0,75.0,82.0,17.0
20.0,51.0,169.0,197.0,506.0,68.0,83.0,39.0,40.0,39.0
21.0,47.0,160.0,198.0,437.0,74.0,46.0,63.0,73.0,40.0
21.0,46.0,170.0,201.0,374.0,79.0,100.0,66.0,79.0,35.0
22.0,57.0,213.0,251.0,312.0,82.0,101.0,57.0,70.0,42.0
23.0,48.0,185.0,188.0,282.0,106.0,134.0,58.0,72.0,33.0
21.0,55.0,230.0,172.0,327.0,127.0,153.0,64.0,72.0,30.0
24.0,62.0,244.0,273.0,327.0,75.0,88.0,76.0,92.0,33.0
21.0,52.0,187.0,221.0,619.0,81.0,48.0,66.0,85.0,33.0
20.0,52.0,169.0,201.0,396.0,81.0,96.0,68.0,74.0,36.0
20.0,55.0,224.0,190.0,395.0,69.0,86.0,58.0,78.0,33.0
21.0,65.0,190.0,210.0,508.0,74.0,90.0,64.0,77.0,41.0
19.0,60.0,221.0,255.0,481.0,75.0,43.0,76.0,41.0,42.0
21.0,58.0,175.0,281.0,433.0,77.0,90.0,71.0,79.0,36.0
21.0,58.0,170.0,247.0,395.0,94.0,110.0,72.0,91.0,38.0
19.0,61.0,186.0,216.0,491.0,82.0,95.0,62.0,85.0,35.0
22.0,74.0,173.0,206.0,495.0,86.0,103.0,86.0,83.0,31.0
22.0,61.0,209.0,237.0,587.0,40.0,46.0,43.0,37.0,33.0
19.0,58.0,226.0,206.0,486.0,77.0,91.0,68.0,96.0,33.0
19.0,118.0,190.0,225.0,335.0,71.0,82.0,63.0,93.0,20.0
22.0,78.0,203.0,215.0,418.0,78.0,45.0,71.0,92.0,36.0
19.0,66.0,204.0,211.0,407.0,77.0,46.0,59.0,83.0,28.0
21.0,75.0,211.0,223.0,359.0,80.0,47.0,65.0,89.0,33.0
23.0,86.0,230.0,280.0,373.0,78.0,92.0,71.0,47.0,32.0
22.0,79.0,215.0,278.0,467.0,92.0,103.0,60.0,80.0,31.0
20.0,73.0,210.0,196.0,319.0,95.0,103.0,32.0,42.0,32.0
21.0,67.0,212.0,232.0,354.0,86.0,97.0,66.0,83.0,41.0
20.0,68.0,245.0,228.0,424.0,87.0,106.0,62.0,86.0,35.0
20.0,67.0,255.0,224.0,479.0,148.0,184.0,35.0,43.0,41.0
19.0,76.0,269.0,219.0,420.0,128.0,156.0,67.0,93.0,42.0
20.0,55.0,220.0,213.0,412.0,85.0,34.0,41.0,52.0,36.0
19.0,63.0,226.0,174.0,986.0,82.0,95.0,60.0,82.0,67.0
19.0,61.0,210.0,199.0,434.0,86.0,107.0,65.0,92.0,59.0
20.0,56.0,201.0,172.0,375.0,96.0,116.0,64.0,93.0,61.0
20.0,64.0,212.0,196.0,309.0,73.0,93.0,59.0,117.0,52.0
20.0,56.0,197.0,176.0,300.0,98.0,124.0,61.0,50.0,18.0
19.0,56.0,204.0,176.0,365.0,86.0,106.0,31.0,41.0,22.0
17.0,53.0,182.0,191.0,407.0,75.0,92.0,64.0,86.0,33.0
18.0,50.0,218.0,204.0,273.0,84.0,103.0,61.0,90.0,42.0
18.0,52.0,178.0,341.0,326.0,86.0,104.0,65.0,80.0,31.0
18.0,52.0,180.0,188.0,300.0,25.0,100.0,64.0,97.0,43.0
18.0,50.0,164.0,214.0,274.0,80.0,53.0,61.0,41.0,38.0
17.0,44.0,169.0,212.0,284.0,42.0,114.0,58.0,73.0,31.0
18.0,42.0,158.0,244.0,393.0,76.0,94.0,57.0,72.0,31.0
17.0,46.0,171.0,268.0,220.0,79.0,104.0,60.0,74.0,36.0
15.0,39.0,154.0,245.0,322.0,80.0,102.0,63.0,72.0,32.0
18.0,37.0,147.0,255.0,272.0,72.0,88.0,58.0,76.0,33.0
18.0,36.0,138.0,199.0,393.0,64.0,82.0,56.0,79.0,41.0
22.0,35.0,146.0,185.0,276.0,97.0,122.0,68.0,91.0,49.0
18.0,31.0,137.0,171.0,276.0,75.0,91.0,51.0,74.0,42.0
17.0,35.0,134.0,181.0,237.0,70.0,90.0,52.0,79.0,28.0
18.0,37.0,133.0,199.0,267.0,74.0,93.0,48.0,82.0,35.0
18.0,36.0,126.0,166.0,275.0,76.0,91.0,54.0,69.0,32.0
18.0,36.0,143.0,283.0,199.0,70.0,91.0,52.0,77.0,33.0
19.0,28.0,170.0,219.0,243.0,70.0,87.0,51.0,79.0,33.0
17.0,33.0,182.0,187.0,229.0,72.0,84.0,64.0,102.0,42.0
20.0,34.0,154.0,200.0,213.0,70.0,90.0,63.0,76.0,30.0
20.0,29.0,158.0,188.0,233.0,60.0,76.0,68.0,87.0,25.0
18.0,37.0,154.0,182.0,190.0,90.0,102.0,56.0,76.0,27.0
19.0,29.0,148.0,153.0,179.0,70.0,84.0,52.0,74.0,26.0
19.0,27.0,162.0,219.0,195.0,67.0,84.0,50.0,79.0,31.0
15.0,31.0,145.0,215.0,197.0,74.0,93.0,50.0,79.0,34.0
19.0,29.0,125.0,226.0,167.0,66.0,85.0,44.0,63.0,38.0
20.0,27.0,93.0,171.0,185.0,60.0,79.0,47.0,78.0,29.0
14.0,27.0,97.0,187.0,186.0,65.0,81.0,54.0,83.0,25.0
17.0,28.0,98.0,243.0,147.0,70.0,87.0,47.0,72.0,23.0
16.0,28.0,97.0,257.0,170.0,59.0,76.0,43.0,56.0,22.0
15.0,31.0,111.0,252.0,224.0,62.0,76.0,42.0,54.0,23.0
17.0,29.0,108.0,333.0,166.0,59.0,72.0,44.0,53.0,19.0
15.0,26.0,95.0,377.0,188.0,56.0,71.0,41.0,48.0,23.0
13.0,25.0,101.0,296.0,197.0,57.0,72.0,40.0,51.0,21.0
14.0,30.0,105.0,223.0,158.0,58.0,73.0,34.0,42.0,29.0
14.0,27.0,104.0,207.0,187.0,53.0,67.0,34.0,43.0,29.0
14.0,22.0,94.0,206.0,158.0,56.0,71.0,34.0,43.0,19.0
12.0,30.0,99.0,203.0,146.0,56.0,71.0,36.0,44.0,15.0
12.0,25.0,0.0,0.0,165.0,53.0,67.0,38.0,41.0,17.0
11.0,0.0,98.0,0.0,177.0,55.0,71.0,37.0,37.0,0.0
12.0,0.0,100.0,164.0,169.0,55.0,67.0,30.0,39.0,0.0
12.0,0.0,77.0,157.0,0.0,55.0,65.0,31.0,37.0,0.0
12.0,0.0,76.0,0.0,0.0,55.0,67.0,32.0,37.0,15.0
11.0,23.0,80.0,0.0,0.0,61.0,74.0,29.0,37.0,16.0
0.0,19.0,79.0,148.0,135.0,49.0,59.0,34.0,36.0,16.0
12.0,19.0,68.0,0.0,0.0,48.0,60.0,27.0,30.0,15.0
10.0,0.0,0.0,0.0,0.0,52.0,63.0,29.0,36.0,17.0
11.0,0.0,0.0,193.0,0.0,48.0,59.0,32.0,34.0,0.0
11.0,0.0,61.0,191.0,120.0,50.0,64.0,31.0,34.0,15.0
9.0,0.0,74.0,0.0,0.0,54.0,67.0,29.0,34.0,16.0
10.0,0.0,0.0,0.0,132.0,50.0,60.0,31.0,33.0,15.0
9.0,0.0,72.0,0.0,125.0,43.0,52.0,28.0,31.0,0.0
0.0,0.0,0.0,159.0,153.0,49.0,59.0,28.0,31.0,14.0
0.0,16.0,56.0,187.0,121.0,45.0,53.0,29.0,32.0,17.0
0.0,18.0,0.0,0.0,110.0,42.0,49.0,26.0,31.0,15.0
0.0,17.0,55.0,0.0,0.0,41.0,48.0,28.0,29.0,12.0
0.0,18.0,0.0,145.0,0.0,41.0,47.0,28.0,32.0,15.0
10.0,0.0,0.0,170.0,0.0,38.0,57.0,25.0,32.0,14.0
9.0,0.0,0.0,0.0,0.0,40.0,51.0,27.0,28.0,0.0
10.0,16.0,57.0,148.0,0.0,0.0,0.0,28.0,34.0,13.0
10.0,0.0,59.0,159.0,0.0,0.0,41.0,25.0,30.0,12.0
9.0,17.0,60.0,0.0,0.0,39.0,49.0,27.0,32.0,12.0
10.0,17.0,59.0,177.0,0.0,32.0,38.0,27.0,33.0,14.0
10.0,16.0,59.0,195.0,115.0,35.0,41.0,0.0,0.0,13.0
10.0,19.0,64.0,154.0,132.0,0.0,0.0,0.0,30.0,11.0
12.0,19.0,63.0,130.0,139.0,0.0,0.0,28.0,34.0,16.0
11.0,0.0,61.0,135.0,122.0,35.0,42.0,26.0,31.0,0.0
11.0,20.0,64.0,0.0,0.0,37.0,45.0,28.0,32.0,12.0
11.0,18.0,0.0,0.0,0.0,38.0,43.0,29.0,32.0,21.0
11.0,19.0,66.0,104.0,110.0,39.0,45.0,27.0,30.0,16.0
9.0,20.0,73.0,125.0,120.0,38.0,46.0,29.0,33.0,15.0
11.0,18.0,73.0,0.0,156.0,37.0,43.0,30.0,34.0,19.0
11.0,18.0,76.0,132.0,135.0,37.0,44.0,31.0,40.0,17.0
10.0,25.0,68.0,108.0,152.0,45.0,55.0,30.0,42.0,15.0
12.0,19.0,88.0,112.0,167.0,43.0,49.0,31.0,45.0,23.0
12.0,27.0,90.0,134.0,171.0,50.0,58.0,32.0,39.0,24.0
15.0,20.0,89.0,142.0,179.0,51.0,63.0,39.0,39.0,16.0
14.0,22.0,88.0,138.0,181.0,44.0,53.0,38.0,38.0,18.0
15.0,21.0,97.0,134.0,177.0,50.0,62.0,37.0,40.0,35.0
14.0,25.0,104.0,158.0,174.0,71.0,89.0,40.0,49.0,22.0
14.0,29.0,136.0,353.0,194.0,51.0,63.0,38.0,49.0,20.0
13.0,45.0,99.0,144.0,183.0,50.0,64.0,42.0,46.0,26.0
15.0,29.0,105.0,161.0,169.0,57.0,73.0,42.0,49.0,34.0
15.0,29.0,121.0,132.0,187.0,55.0,67.0,53.0,72.0,53.0
13.0,31.0,106.0,156.0,224.0,52.0,33.0,40.0,25.0,44.0
16.0,34.0,106.0,141.0,202.0,60.0,73.0,40.0,48.0,22.0
17.0,35.0,142.0,127.0,207.0,60.0,76.0,44.0,48.0,32.0
16.0,36.0,142.0,146.0,235.0,59.0,73.0,26.0,26.0,29.0
18.0,37.0,124.0,156.0,217.0,60.0,73.0,53.0,64.0,26.0
17.0,38.0,132.0,156.0,288.0,62.0,73.0,64.0,62.0,40.0
19.0,46.0,121.0,194.0,261.0,71.0,83.0,81.0,63.0,47.0
17.0,46.0,122.0,166.0,254.0,61.0,76.0,63.0,77.0,32.0
18.0,54.0,153.0,170.0,251.0,63.0,73.0,59.0,75.0,47.0
18.0,46.0,146.0,221.0,257.0,75.0,86.0,31.0,73.0,34.0
21.0,54.0,142.0,253.0,292.0,75.0,90.0,33.0,34.0,16.0
20.0,56.0,146.0,204.0,273.0,69.0,84.0,62.0,69.0,32.0
17.0,58.0,218.0,351.0,282.0,76.0,46.0,52.0,60.0,28.0
17.0,75.0,163.0,270.0,271.0,86.0,54.0,59.0,37.0,30.0
18.0,56.0,173.0,219.0,259.0,75.0,90.0,62.0,73.0,29.0
22.0,54.0,174.0,236.0,309.0,65.0,81.0,59.0,73.0,35.0
18.0,53.0,163.0,168.0,269.0,78.0,105.0,66.0,66.0,38.0
20.0,45.0,203.0,162.0,317.0,69.0,81.0,68.0,75.0,42.0
16.0,45.0,130.0,176.0,282.0,101.0,121.0,70.0,37.0,49.0
17.0,51.0,163.0,192.0,355.0,68.0,83.0,65.0,34.0,76.0
18.0,48.0,157.0,174.0,263.0,63.0,78.0,63.0,69.0,84.0
17.0,59.0,134.0,189.0,301.0,65.0,79.0,62.0,75.0,58.0
15.0,47.0,141.0,191.0,317.0,66.0,80.0,63.0,68.0,27.0
18.0,44.0,130.0,201.0,349.0,62.0,76.0,66.0,76.0,37.0
17.0,47.0,141.0,222.0,285.0,68.0,85.0,66.0,68.0,31.0
16.0,40.0,137.0,310.0,248.0,76.0,88.0,75.0,73.0,33.0
18.0,49.0,132.0,247.0,337.0,77.0,93.0,72.0,77.0,24.0
17.0,130.0,157.0,237.0,274.0,69.0,88.0,64.0,76.0,42.0
18.0,67.0,178.0,293.0,328.0,92.0,116.0,62.0,68.0,50.0
18.0,52.0,152.0,222.0,415.0,66.0,84.0,57.0,74.0,33.0
16.0,55.0,139.0,279.0,294.0,66.0,85.0,81.0,79.0,34.0
15.0,49.0,151.0,288.0,264.0,45.0,105.0,33.0,67.0,39.0
17.0,58.0,168.0,286.0,300.0,71.0,85.0,70.0,86.0,39.0
17.0,52.0,165.0,236.0,305.0,68.0,86.0,63.0,74.0,36.0
17.0,57.0,172.0,204.0,327.0,87.0,107.0,74.0,80.0,50.0
17.0,60.0,192.0,211.0,431.0,73.0,93.0,63.0,88.0,46.0
19.0,60.0,168.0,181.0,273.0,114.0,141.0,64.0,106.0,54.0
15.0,54.0,153.0,213.0,514.0,80.0,93.0,139.0,40.0,54.0
17.0,61.0,158.0,220.0,430.0,79.0,95.0,83.0,74.0,42.0
17.0,65.0,180.0,178.0,636.0,127.0,155.0,65.0,99.0,29.0
16.0,72.0,197.0,235.0,300.0,81.0,102.0,67.0,83.0,30.0
15.0,63.0,186.0,216.0,345.0,70.0,87.0,64.0,76.0,36.0
14.0,67.0,171.0,271.0,378.0,77.0,92.0,66.0,79.0,39.0
16.0,67.0,173.0,207.0,494.0,77.0,93.0,63.0,86.0,57.0
15.0,64.0,190.0,381.0,388.0,74.0,84.0,61.0,75.0,47.0
15.0,65.0,195.0,274.0,332.0,36.0,85.0,64.0,81.0,65.0
18.0,74.0,222.0,272.0,412.0,99.0,61.0,68.0,82.0,67.0
17.0,69.0,253.0,273.0,395.0,86.0,101.0,31.0,39.0,19.0
16.0,63.0,212.0,312.0,297.0,72.0,85.0,71.0,84.0,40.0
21.0,69.0,193.0,277.0,468.0,75.0,93.0,68.0,92.0,41.0
26.0,64.0,195.0,332.0,427.0,91.0,106.0,75.0,84.0,45.0
14.0,62.0,184.0,188.0,447.0,71.0,84.0,66.0,77.0,42.0
16.0,58.0,242.0,292.0,422.0,74.0,87.0,60.0,86.0,33.0
15.0,60.0,220.0,382.0,348.0,86.0,98.0,64.0,85.0,35.0
15.0,58.0,167.0,261.0,340.0,91.0,124.0,91.0,105.0,44.0
13.0,64.0,192.0,302.0,335.0,91.0,111.0,77.0,94.0,30.0
14.0,58.0,183.0,217.0,326.0,68.0,84.0,59.0,90.0,55.0
16.0,56.0,178.0,190.0,385.0,69.0,84.0,67.0,88.0,36.0
13.0,52.0,194.0,217.0,628.0,86.0,105.0,84.0,101.0,45.0
16.0,65.0,183.0,220.0,406.0,75.0,93.0,77.0,94.0,47.0
18.0,52.0,168.0,192.0,295.0,78.0,96.0,100.0,128.0,48.0
26.0,51.0,182.0,250.0,290.0,90.0,106.0,104.0,115.0,44.0
17.0,50.0,164.0,247.0,305.0,88.0,105.0,75.0,85.0,40.0
15.0,56.0,153.0,250.0,273.0,89.0,102.0,69.0,84.0,32.0
18.0,44.0,154.0,272.0,344.0,77.0,47.0,64.0,39.0,44.0
18.0,34.0,164.0,285.0,285.0,83.0,47.0,82.0,95.0,35.0
17.0,45.0,194.0,247.0,315.0,78.0,89.0,60.0,83.0,45.0
19.0,44.0,174.0,283.0,290.0,74.0,45.0,65.0,83.0,43.0
17.0,37.0,154.0,316.0,275.0,75.0,88.0,74.0,92.0,38.0
18.0,38.0,160.0,302.0,220.0,64.0,78.0,65.0,98.0,41.0
21.0,48.0,177.0,264.0,335.0,73.0,85.0,63.0,68.0,36.0
23.0,38.0,172.0,229.0,290.0,62.0,73.0,61.0,67.0,32.0
21.0,34.0,159.0,221.0,208.0,64.0,76.0,69.0,90.0,29.0
20.0,35.0,175.0,205.0,218.0,70.0,85.0,59.0,74.0,27.0
18.0,32.0,160.0,189.0,226.0,78.0,93.0,57.0,74.0,29.0
19.0,37.0,185.0,227.0,194.0,83.0,102.0,52.0,71.0,38.0
18.0,36.0,169.0,188.0,209.0,60.0,73.0,68.0,83.0,38.0
19.0,32.0,201.0,208.0,268.0,56.0,74.0,50.0,74.0,39.0
17.0,37.0,161.0,211.0,270.0,56.0,67.0,51.0,65.0,33.0
18.0,36.0,128.0,226.0,238.0,59.0,70.0,57.0,69.0,31.0
16.0,41.0,154.0,182.0,396.0,60.0,73.0,74.0,87.0,30.0
16.0,39.0,129.0,157.0,240.0,60.0,73.0,57.0,70.0,26.0
15.0,32.0,121.0,175.0,313.0,55.0,67.0,56.0,77.0,28.0
15.0,32.0,120.0,163.0,204.0,45.0,53.0,60.0,92.0,31.0
15.0,30.0,125.0,162.0,196.0,51.0,60.0,53.0,68.0,24.0
14.0,27.0,126.0,161.0,162.0,51.0,60.0,53.0,53.0,26.0
14.0,23.0,124.0,189.0,163.0,45.0,53.0,43.0,42.0,22.0
15.0,27.0,127.0,197.0,167.0,45.0,54.0,41.0,43.0,19.0
16.0,22.0,106.0,291.0,182.0,44.0,53.0,40.0,42.0,21.0
14.0,20.0,112.0,267.0,207.0,42.0,47.0,34.0,38.0,26.0
15.0,22.0,108.0,236.0,181.0,35.0,42.0,37.0,35.0,26.0
14.0,19.0,113.0,257.0,212.0,40.0,51.0,31.0,36.0,0.0
15.0,18.0,111.0,277.0,182.0,37.0,0.0,0.0,0.0,0.0
0.0,0.0,105.0,262.0,166.0,35.0,42.0,30.0,0.0,0.0
12.0,0.0,92.0,269.0,158.0,42.0,52.0,0.0,0.0,0.0
10.0,16.0,95.0,222.0,183.0,37.0,44.0,29.0,36.0,0.0
10.0,16.0,103.0,0.0,154.0,34.0,42.0,30.0,33.0,14.0
0.0,20.0,75.0,198.0,155.0,44.0,50.0,31.0,0.0,0.0
11.0,0.0,73.0,168.0,168.0,33.0,40.0,0.0,0.0,14.0
0.0,0.0,93.0,0.0,0.0,0.0,0.0,30.0,0.0,0.0
0.0,0.0,73.0,189.0,134.0,0.0,0.0,0.0,0.0,0.0
0.0,15.0,0.0,158.0,149.0,0.0,0.0,0.0,0.0,0.0
0.0,16.0,0.0,0.0,0.0,0.0,40.0,0.0,0.0,0.0
0.0,0.0,0.0,0.0,0.0,0.0,0.0,0.0,0.0,0.0
0.0,15.0,63.0,142.0,0.0,34.0,42.0,0.0,0.0,0.0
0.0,0.0,65.0,0.0,0.0,0.0,39.0,0.0,0.0,0.0
0.0,0.0,65.0,167.0,124.0,0.0,0.0,31.0,0.0,0.0
10.0,0.0,61.0,149.0,138.0,32.0,0.0,0.0,0.0,0.0
0.0,0.0,65.0,0.0,0.0,0.0,0.0,28.0,30.0,0.0
0.0,0.0,0.0,0.0,0.0,0.0,44.0,0.0,0.0,0.0
0.0,0.0,0.0,0.0,153.0,0.0,0.0,0.0,0.0,0.0
0.0,0.0,0.0,0.0,0.0,0.0,0.0,26.0,0.0,0.0
10.0,0.0,62.0,0.0,146.0,0.0,0.0,0.0,0.0,14.0
0.0,14.0,57.0,141.0,152.0,0.0,0.0,0.0,0.0,0.0
10.0,15.0,0.0,201.0,0.0,34.0,40.0,0.0,0.0,0.0
0.0,0.0,0.0,0.0,0.0,39.0,46.0,31.0,30.0,0.0
11.0,0.0,0.0,203.0,140.0,34.0,41.0,0.0,0.0,0.0
10.0,16.0,0.0,0.0,0.0,0.0,0.0,0.0,0.0,14.0
0.0,17.0,71.0,0.0,0.0,40.0,0.0,30.0,28.0,13.0
11.0,0.0,69.0,153.0,162.0,35.0,41.0,0.0,0.0,0.0
12.0,14.0,77.0,0.0,0.0,35.0,41.0,0.0,0.0,0.0
11.0,0.0,86.0,152.0,145.0,43.0,50.0,29.0,31.0,0.0
12.0,16.0,0.0,0.0,148.0,38.0,44.0,28.0,33.0,14.0
11.0,18.0,0.0,158.0,151.0,35.0,43.0,0.0,33.0,15.0
12.0,22.0,85.0,221.0,201.0,47.0,55.0,35.0,35.0,14.0
11.0,24.0,100.0,293.0,211.0,43.0,52.0,32.0,36.0,16.0
12.0,25.0,138.0,266.0,200.0,53.0,58.0,37.0,43.0,18.0
14.0,24.0,129.0,310.0,186.0,65.0,71.0,39.0,45.0,22.0
15.0,28.0,122.0,330.0,249.0,66.0,78.0,42.0,50.0,22.0
13.0,33.0,146.0,386.0,265.0,59.0,67.0,48.0,56.0,24.0
13.0,35.0,159.0,393.0,431.0,64.0,73.0,52.0,60.0,26.0
14.0,36.0,174.0,330.0,363.0,63.0,72.0,186.0,72.0,35.0
14.0,37.0,212.0,254.0,337.0,67.0,78.0,171.0,74.0,54.0
13.0,37.0,236.0,232.0,396.0,80.0,93.0,182.0,74.0,48.0
14.0,40.0,251.0,294.0,357.0,68.0,78.0,185.0,75.0,35.0
13.0,42.0,225.0,317.0,494.0,78.0,101.0,175.0,84.0,17.0
14.0,43.0,243.0,298.0,458.0,72.0,87.0,99.0,67.0,30.0
14.0,52.0,295.0,375.0,435.0,76.0,92.0,119.0,76.0,36.0
15.0,50.0,304.0,478.0,621.0,83.0,95.0,105.0,73.0,33.0
14.0,45.0,268.0,387.0,534.0,41.0,48.0,113.0,67.0,35.0
13.0,54.0,273.0,523.0,611.0,72.0,85.0,116.0,71.0,29.0
15.0,59.0,249.0,419.0,554.0,71.0,42.0,109.0,37.0,40.0
13.0,57.0,253.0,366.0,601.0,71.0,89.0,109.0,75.0,33.0
15.0,44.0,231.0,372.0,616.0,75.0,43.0,101.0,66.0,29.0
13.0,51.0,246.0,384.0,502.0,81.0,89.0,103.0,34.0,35.0
12.0,55.0,261.0,361.0,533.0,81.0,91.0,113.0,35.0,29.0
13.0,45.0,289.0,309.0,644.0,74.0,87.0,107.0,75.0,25.0
12.0,60.0,248.0,282.0,553.0,88.0,102.0,91.0,79.0,28.0
11.0,43.0,238.0,309.0,543.0,75.0,43.0,112.0,79.0,31.0
13.0,50.0,251.0,344.0,648.0,75.0,88.0,112.0,70.0,41.0
13.0,50.0,234.0,309.0,606.0,41.0,46.0,119.0,90.0,46.0
13.0,45.0,238.0,305.0,550.0,73.0,84.0,202.0,78.0,41.0
15.0,49.0,236.0,314.0,709.0,74.0,45.0,121.0,83.0,36.0
15.0,50.0,254.0,264.0,614.0,83.0,94.0,123.0,77.0,30.0
14.0,51.0,261.0,299.0,641.0,74.0,86.0,125.0,76.0,35.0
16.0,59.0,287.0,295.0,691.0,69.0,85.0,68.0,77.0,28.0
15.0,52.0,286.0,300.0,728.0,78.0,89.0,126.0,36.0,40.0
13.0,50.0,253.0,307.0,749.0,85.0,105.0,120.0,70.0,45.0
14.0,46.0,250.0,315.0,717.0,73.0,48.0,51.0,22.0,47.0
14.0,41.0,282.0,338.0,647.0,75.0,82.0,100.0,75.0,32.0
14.0,58.0,275.0,400.0,586.0,74.0,91.0,111.0,75.0,34.0
16.0,53.0,279.0,360.0,705.0,78.0,90.0,107.0,77.0,28.0
14.0,61.0,319.0,349.0,608.0,71.0,85.0,107.0,81.0,30.0
21.0,45.0,273.0,335.0,736.0,86.0,98.0,115.0,80.0,48.0
19.0,51.0,326.0,331.0,587.0,91.0,108.0,131.0,84.0,32.0
20.0,55.0,417.0,343.0,548.0,87.0,102.0,98.0,27.0,30.0
23.0,54.0,311.0,367.0,565.0,104.0,126.0,96.0,89.0,34.0
17.0,52.0,269.0,347.0,706.0,86.0,50.0,99.0,45.0,47.0
18.0,56.0,277.0,347.0,672.0,39.0,46.0,128.0,100.0,25.0
21.0,58.0,298.0,370.0,640.0,109.0,126.0,94.0,79.0,31.0
19.0,55.0,292.0,437.0,576.0,85.0,101.0,105.0,98.0,36.0
19.0,52.0,285.0,369.0,619.0,98.0,120.0,97.0,71.0,33.0
18.0,57.0,249.0,331.0,573.0,90.0,107.0,113.0,85.0,32.0
16.0,56.0,296.0,353.0,635.0,80.0,92.0,110.0,88.0,35.0
20.0,45.0,279.0,361.0,818.0,84.0,95.0,100.0,77.0,36.0
17.0,55.0,268.0,376.0,679.0,79.0,95.0,103.0,71.0,45.0
18.0,49.0,283.0,354.0,746.0,37.0,43.0,109.0,78.0,35.0
16.0,48.0,260.0,345.0,575.0,77.0,92.0,98.0,71.0,40.0
20.0,55.0,290.0,333.0,550.0,79.0,99.0,115.0,78.0,61.0
21.0,58.0,331.0,362.0,657.0,94.0,110.0,103.0,75.0,38.0
17.0,50.0,343.0,319.0,627.0,71.0,87.0,48.0,39.0,16.0
19.0,57.0,319.0,326.0,567.0,88.0,56.0,105.0,75.0,33.0
18.0,63.0,299.0,285.0,716.0,79.0,92.0,60.0,30.0,42.0
19.0,62.0,302.0,339.0,961.0,70.0,85.0,113.0,80.0,38.0
18.0,67.0,269.0,304.0,828.0,96.0,109.0,61.0,81.0,32.0
18.0,66.0,254.0,308.0,608.0,90.0,96.0,122.0,84.0,50.0
20.0,65.0,277.0,376.0,862.0,79.0,95.0,116.0,83.0,35.0
28.0,77.0,282.0,357.0,679.0,85.0,101.0,118.0,79.0,41.0
17.0,61.0,247.0,311.0,602.0,80.0,95.0,115.0,88.0,17.0
19.0,61.0,288.0,366.0,656.0,73.0,93.0,119.0,42.0,34.0
18.0,64.0,299.0,364.0,664.0,85.0,98.0,132.0,117.0,37.0
18.0,53.0,276.0,293.0,543.0,97.0,59.0,124.0,88.0,19.0
17.0,56.0,280.0,376.0,577.0,122.0,74.0,97.0,88.0,49.0
18.0,68.0,293.0,358.0,609.0,142.0,172.0,110.0,91.0,41.0
19.0,63.0,263.0,338.0,561.0,50.0,61.0,112.0,85.0,41.0
21.0,59.0,260.0,307.0,692.0,123.0,76.0,101.0,94.0,47.0
19.0,54.0,296.0,353.0,559.0,129.0,151.0,113.0,44.0,50.0
19.0,58.0,300.0,381.0,548.0,89.0,110.0,109.0,91.0,60.0
18.0,61.0,307.0,407.0,574.0,87.0,104.0,96.0,45.0,44.0
19.0,63.0,382.0,352.0,538.0,90.0,53.0,94.0,88.0,48.0
19.0,52.0,319.0,398.0,683.0,106.0,127.0,97.0,104.0,59.0
19.0,59.0,310.0,301.0,596.0,91.0,54.0,80.0,109.0,75.0
20.0,57.0,301.0,326.0,554.0,83.0,101.0,87.0,91.0,47.0
21.0,50.0,266.0,360.0,534.0,82.0,103.0,87.0,84.0,38.0
17.0,51.0,356.0,333.0,559.0,106.0,129.0,82.0,85.0,40.0
20.0,54.0,294.0,304.0,418.0,98.0,117.0,65.0,87.0,41.0
21.0,46.0,259.0,365.0,501.0,77.0,96.0,71.0,96.0,19.0
24.0,47.0,266.0,329.0,790.0,83.0,106.0,71.0,94.0,52.0
19.0,45.0,246.0,418.0,467.0,88.0,107.0,73.0,51.0,48.0
22.0,41.0,245.0,348.0,460.0,75.0,94.0,78.0,99.0,41.0
21.0,44.0,313.0,351.0,405.0,75.0,86.0,62.0,99.0,46.0
20.0,39.0,251.0,353.0,563.0,76.0,44.0,62.0,84.0,36.0
20.0,35.0,272.0,402.0,380.0,76.0,92.0,60.0,84.0,41.0
19.0,37.0,228.0,425.0,441.0,74.0,88.0,60.0,75.0,51.0
21.0,41.0,192.0,405.0,328.0,73.0,88.0,65.0,87.0,86.0
24.0,33.0,164.0,351.0,390.0,68.0,43.0,66.0,79.0,50.0
19.0,37.0,191.0,382.0,505.0,74.0,93.0,70.0,83.0,38.0
19.0,34.0,167.0,302.0,435.0,74.0,88.0,53.0,104.0,56.0
26.0,34.0,161.0,290.0,374.0,65.0,79.0,60.0,97.0,44.0
20.0,43.0,162.0,290.0,426.0,77.0,93.0,69.0,101.0,33.0
19.0,40.0,170.0,277.0,365.0,69.0,82.0,61.0,92.0,37.0
21.0,35.0,174.0,254.0,320.0,80.0,101.0,66.0,84.0,40.0
18.0,31.0,170.0,264.0,373.0,105.0,134.0,55.0,73.0,40.0
20.0,34.0,166.0,258.0,335.0,96.0,119.0,47.0,59.0,29.0
18.0,28.0,149.0,222.0,331.0,61.0,79.0,49.0,60.0,33.0
18.0,28.0,141.0,242.0,327.0,58.0,75.0,49.0,59.0,32.0
17.0,31.0,156.0,221.0,298.0,78.0,101.0,38.0,54.0,34.0
17.0,26.0,148.0,208.0,284.0,105.0,136.0,50.0,64.0,30.0
16.0,24.0,227.0,257.0,378.0,54.0,66.0,42.0,55.0,43.0
15.0,29.0,176.0,205.0,273.0,68.0,80.0,39.0,56.0,44.0
14.0,23.0,101.0,203.0,257.0,0.0,74.0,45.0,58.0,34.0
14.0,27.0,140.0,190.0,262.0,50.0,65.0,45.0,59.0,0.0
14.0,25.0,121.0,217.0,216.0,54.0,65.0,39.0,57.0,27.0
15.0,19.0,109.0,288.0,230.0,44.0,52.0,40.0,53.0,23.0
13.0,17.0,206.0,407.0,238.0,46.0,55.0,48.0,58.0,0.0
13.0,20.0,140.0,330.0,174.0,0.0,57.0,0.0,0.0,19.0
14.0,0.0,101.0,270.0,239.0,0.0,57.0,0.0,40.0,23.0
13.0,19.0,124.0,290.0,192.0,43.0,0.0,33.0,0.0,17.0
12.0,18.0,260.0,413.0,179.0,46.0,59.0,0.0,43.0,19.0
12.0,16.0,123.0,241.0,204.0,37.0,43.0,33.0,39.0,19.0
0.0,15.0,100.0,178.0,179.0,40.0,54.0,0.0,0.0,0.0
11.0,0.0,91.0,172.0,0.0,47.0,56.0,0.0,0.0,0.0
0.0,15.0,79.0,170.0,163.0,0.0,0.0,0.0,0.0,17.0
0.0,0.0,93.0,0.0,0.0,0.0,0.0,0.0,0.0,0.0
0.0,0.0,76.0,156.0,190.0,0.0,0.0,0.0,0.0,0.0
0.0,0.0,63.0,163.0,0.0,0.0,0.0,0.0,0.0,0.0
0.0,0.0,76.0,0.0,0.0,39.0,52.0,0.0,0.0,0.0
0.0,0.0,0.0,0.0,0.0,0.0,0.0,29.0,0.0,0.0
11.0,0.0,0.0,0.0,0.0,0.0,0.0,0.0,0.0,0.0
0.0,0.0,0.0,0.0,0.0,0.0,0.0,0.0,0.0,0.0
0.0,18.0,69.0,0.0,0.0,40.0,0.0,0.0,0.0,0.0
0.0,0.0,63.0,157.0,206.0,34.0,41.0,0.0,0.0,0.0
0.0,0.0,74.0,163.0,152.0,32.0,40.0,0.0,0.0,0.0
0.0,0.0,0.0,0.0,0.0,0.0,52.0,0.0,33.0,0.0
0.0,0.0,0.0,153.0,193.0,0.0,0.0,32.0,36.0,0.0
0.0,0.0,0.0,0.0,0.0,0.0,0.0,0.0,0.0,0.0
10.0,0.0,0.0,0.0,0.0,0.0,0.0,0.0,0.0,0.0
0.0,0.0,63.0,151.0,185.0,0.0,0.0,0.0,0.0,0.0
0.0,0.0,88.0,166.0,154.0,0.0,0.0,34.0,0.0,0.0
9.0,16.0,79.0,0.0,0.0,40.0,50.0,0.0,0.0,0.0
0.0,0.0,0.0,0.0,0.0,0.0,0.0,44.0,0.0,0.0
0.0,0.0,0.0,0.0,0.0,0.0,39.0,41.0,47.0,16.0
10.0,0.0,75.0,0.0,0.0,0.0,49.0,29.0,38.0,15.0
0.0,14.0,75.0,0.0,0.0,35.0,43.0,32.0,37.0,0.0
11.0,0.0,0.0,0.0,0.0,33.0,41.0,30.0,35.0,0.0
0.0,18.0,90.0,0.0,172.0,0.0,0.0,30.0,36.0,0.0
0.0,15.0,83.0,183.0,178.0,0.0,0.0,0.0,0.0,0.0
11.0,19.0,89.0,0.0,182.0,44.0,53.0,37.0,34.0,15.0
11.0,21.0,83.0,154.0,221.0,46.0,55.0,31.0,40.0,19.0
13.0,17.0,96.0,257.0,191.0,45.0,55.0,38.0,46.0,17.0
11.0,24.0,153.0,236.0,213.0,42.0,53.0,38.0,44.0,21.0
13.0,23.0,112.0,250.0,223.0,50.0,58.0,40.0,47.0,26.0
14.0,23.0,130.0,305.0,268.0,54.0,64.0,49.0,51.0,21.0
13.0,31.0,145.0,335.0,274.0,51.0,65.0,45.0,53.0,38.0
12.0,36.0,149.0,426.0,459.0,66.0,84.0,53.0,64.0,26.0
14.0,36.0,185.0,347.0,507.0,65.0,75.0,66.0,79.0,37.0
15.0,38.0,235.0,285.0,463.0,74.0,89.0,72.0,68.0,32.0
14.0,40.0,254.0,235.0,344.0,83.0,95.0,85.0,72.0,36.0
15.0,44.0,211.0,283.0,436.0,83.0,96.0,90.0,86.0,38.0
14.0,48.0,233.0,329.0,526.0,82.0,91.0,50.0,87.0,41.0
14.0,44.0,275.0,312.0,434.0,84.0,102.0,86.0,89.0,46.0
15.0,45.0,295.0,343.0,439.0,87.0,101.0,98.0,76.0,29.0
14.0,45.0,272.0,423.0,677.0,92.0,108.0,104.0,82.0,42.0
15.0,48.0,316.0,357.0,497.0,95.0,113.0,102.0,85.0,27.0
13.0,49.0,304.0,379.0,597.0,99.0,57.0,117.0,81.0,37.0
12.0,59.0,291.0,380.0,606.0,94.0,54.0,104.0,76.0,24.0
15.0,59.0,254.0,444.0,578.0,83.0,100.0,114.0,91.0,24.0
16.0,52.0,285.0,404.0,702.0,72.0,87.0,108.0,83.0,30.0
13.0,48.0,262.0,348.0,677.0,79.0,96.0,93.0,71.0,28.0
13.0,56.0,253.0,375.0,662.0,37.0,89.0,99.0,76.0,25.0
11.0,56.0,327.0,350.0,669.0,74.0,89.0,105.0,97.0,27.0
11.0,54.0,244.0,385.0,728.0,73.0,42.0,107.0,83.0,23.0
14.0,67.0,222.0,333.0,590.0,73.0,30.0,110.0,77.0,22.0
14.0,65.0,248.0,329.0,645.0,85.0,96.0,96.0,80.0,28.0
13.0,69.0,288.0,324.0,589.0,75.0,85.0,100.0,73.0,25.0
14.0,60.0,244.0,320.0,521.0,76.0,47.0,102.0,79.0,30.0
15.0,61.0,307.0,306.0,619.0,81.0,94.0,98.0,72.0,24.0
14.0,62.0,253.0,288.0,559.0,75.0,88.0,96.0,66.0,28.0
14.0,61.0,354.0,308.0,638.0,90.0,108.0,94.0,92.0,37.0
14.0,70.0,317.0,311.0,517.0,75.0,44.0,108.0,67.0,32.0
15.0,60.0,274.0,293.0,618.0,73.0,90.0,47.0,36.0,22.0
16.0,59.0,300.0,309.0,697.0,75.0,87.0,107.0,86.0,32.0
15.0,62.0,244.0,310.0,636.0,78.0,93.0,103.0,79.0,30.0
13.0,51.0,289.0,366.0,672.0,41.0,48.0,53.0,36.0,26.0
15.0,65.0,296.0,402.0,578.0,85.0,97.0,128.0,93.0,29.0
15.0,70.0,257.0,397.0,643.0,101.0,119.0,93.0,80.0,30.0
13.0,69.0,269.0,350.0,662.0,117.0,134.0,100.0,93.0,36.0
17.0,80.0,273.0,400.0,763.0,92.0,103.0,106.0,84.0,30.0
15.0,71.0,297.0,377.0,691.0,77.0,95.0,114.0,78.0,33.0
16.0,75.0,297.0,323.0,636.0,134.0,169.0,104.0,80.0,28.0
16.0,57.0,291.0,415.0,716.0,93.0,110.0,122.0,144.0,15.0
17.0,75.0,282.0,427.0,628.0,75.0,92.0,89.0,81.0,16.0
15.0,61.0,274.0,377.0,582.0,76.0,88.0,103.0,99.0,31.0
20.0,68.0,263.0,417.0,580.0,79.0,93.0,108.0,83.0,30.0
16.0,59.0,297.0,476.0,619.0,80.0,94.0,114.0,92.0,38.0
16.0,75.0,324.0,398.0,516.0,79.0,97.0,109.0,81.0,37.0
16.0,70.0,257.0,438.0,601.0,80.0,91.0,98.0,83.0,35.0
18.0,57.0,266.0,379.0,709.0,81.0,96.0,105.0,84.0,33.0
16.0,61.0,274.0,327.0,570.0,68.0,82.0,148.0,50.0,29.0
16.0,65.0,274.0,358.0,553.0,87.0,53.0,103.0,84.0,32.0
16.0,53.0,239.0,323.0,690.0,71.0,91.0,97.0,79.0,32.0
18.0,58.0,259.0,303.0,689.0,74.0,93.0,104.0,87.0,29.0
20.0,68.0,253.0,333.0,687.0,79.0,97.0,106.0,94.0,46.0
20.0,59.0,251.0,354.0,675.0,86.0,97.0,99.0,79.0,29.0
27.0,56.0,272.0,322.0,609.0,90.0,110.0,99.0,76.0,29.0
18.0,67.0,272.0,324.0,521.0,50.0,59.0,88.0,74.0,26.0
19.0,62.0,280.0,344.0,607.0,76.0,29.0,97.0,83.0,28.0
18.0,56.0,268.0,308.0,602.0,73.0,87.0,102.0,71.0,48.0
17.0,56.0,259.0,325.0,613.0,77.0,89.0,142.0,103.0,30.0
18.0,61.0,243.0,371.0,598.0,77.0,44.0,47.0,83.0,35.0
17.0,63.0,266.0,369.0,650.0,74.0,87.0,108.0,85.0,30.0
17.0,64.0,267.0,343.0,569.0,79.0,92.0,106.0,97.0,33.0
26.0,70.0,317.0,360.0,609.0,75.0,92.0,130.0,91.0,32.0
19.0,66.0,319.0,394.0,731.0,78.0,94.0,100.0,80.0,38.0
15.0,63.0,293.0,323.0,683.0,82.0,101.0,95.0,38.0,47.0
21.0,66.0,269.0,355.0,860.0,93.0,110.0,94.0,83.0,19.0
17.0,65.0,310.0,296.0,575.0,84.0,99.0,137.0,98.0,39.0
18.0,67.0,287.0,314.0,554.0,99.0,120.0,86.0,95.0,39.0
18.0,60.0,302.0,327.0,629.0,101.0,124.0,216.0,105.0,36.0
19.0,65.0,308.0,316.0,603.0,41.0,105.0,116.0,97.0,38.0
19.0,57.0,299.0,380.0,576.0,95.0,114.0,87.0,104.0,45.0
20.0,66.0,261.0,339.0,555.0,95.0,113.0,222.0,50.0,45.0
22.0,59.0,298.0,304.0,520.0,77.0,99.0,123.0,94.0,39.0
17.0,52.0,297.0,337.0,485.0,86.0,100.0,93.0,93.0,58.0
20.0,62.0,289.0,343.0,527.0,89.0,103.0,92.0,108.0,82.0
19.0,58.0,343.0,342.0,491.0,79.0,99.0,101.0,102.0,51.0
20.0,54.0,290.0,352.0,437.0,108.0,138.0,70.0,85.0,43.0
24.0,51.0,274.0,396.0,483.0,81.0,104.0,77.0,108.0,40.0
19.0,50.0,257.0,356.0,456.0,78.0,95.0,86.0,91.0,38.0
23.0,50.0,275.0,341.0,442.0,95.0,114.0,74.0,86.0,37.0
19.0,47.0,254.0,328.0,440.0,73.0,89.0,66.0,89.0,37.0
21.0,49.0,300.0,291.0,392.0,69.0,88.0,72.0,78.0,41.0
19.0,46.0,245.0,378.0,584.0,69.0,81.0,63.0,80.0,35.0
23.0,39.0,242.0,364.0,539.0,37.0,93.0,62.0,76.0,39.0
22.0,41.0,227.0,341.0,292.0,72.0,92.0,61.0,69.0,33.0
21.0,40.0,239.0,368.0,400.0,74.0,99.0,63.0,69.0,39.0
24.0,39.0,204.0,425.0,341.0,74.0,99.0,64.0,75.0,58.0
21.0,37.0,238.0,418.0,295.0,66.0,89.0,71.0,71.0,49.0
19.0,40.0,244.0,383.0,398.0,80.0,109.0,57.0,70.0,37.0
21.0,35.0,224.0,293.0,376.0,72.0,94.0,86.0,77.0,37.0
21.0,38.0,197.0,394.0,328.0,77.0,111.0,64.0,42.0,19.0
19.0,40.0,212.0,326.0,293.0,83.0,109.0,73.0,84.0,37.0
20.0,39.0,194.0,288.0,296.0,80.0,102.0,64.0,67.0,50.0
19.0,33.0,185.0,251.0,283.0,103.0,134.0,61.0,77.0,38.0
19.0,32.0,188.0,290.0,276.0,100.0,134.0,70.0,84.0,54.0
19.0,32.0,164.0,221.0,301.0,80.0,110.0,80.0,95.0,40.0
25.0,32.0,199.0,294.0,400.0,81.0,118.0,76.0,90.0,46.0
21.0,35.0,189.0,300.0,288.0,90.0,114.0,56.0,71.0,47.0
23.0,38.0,198.0,258.0,287.0,60.0,76.0,87.0,105.0,31.0
28.0,38.0,139.0,220.0,366.0,109.0,137.0,69.0,75.0,24.0
26.0,43.0,146.0,208.0,261.0,77.0,93.0,48.0,59.0,29.0
21.0,44.0,193.0,225.0,231.0,52.0,63.0,49.0,53.0,35.0
22.0,38.0,140.0,212.0,203.0,50.0,62.0,47.0,46.0,50.0
16.0,28.0,139.0,211.0,195.0,59.0,69.0,43.0,45.0,34.0
14.0,24.0,144.0,253.0,191.0,46.0,58.0,46.0,45.0,35.0
16.0,27.0,143.0,227.0,228.0,40.0,51.0,44.0,43.0,29.0
14.0,25.0,119.0,274.0,199.0,53.0,60.0,36.0,43.0,39.0
14.0,21.0,199.0,464.0,187.0,46.0,56.0,41.0,43.0,25.0
14.0,21.0,173.0,399.0,177.0,43.0,56.0,37.0,37.0,23.0
14.0,22.0,143.0,408.0,146.0,50.0,56.0,34.0,38.0,0.0
14.0,25.0,135.0,460.0,169.0,39.0,50.0,36.0,39.0,24.0
14.0,21.0,142.0,343.0,183.0,38.0,46.0,0.0,0.0,20.0
14.0,18.0,172.0,242.0,137.0,43.0,51.0,0.0,0.0,0.0
15.0,19.0,105.0,215.0,150.0,0.0,48.0,34.0,0.0,17.0
0.0,18.0,93.0,263.0,0.0,0.0,46.0,0.0,0.0,0.0
0.0,0.0,99.0,200.0,132.0,42.0,49.0,31.0,34.0,0.0
0.0,0.0,88.0,179.0,145.0,0.0,0.0,37.0,36.0,0.0
0.0,17.0,99.0,177.0,144.0,0.0,0.0,0.0,0.0,0.0
0.0,17.0,105.0,0.0,137.0,42.0,50.0,30.0,32.0,0.0
13.0,0.0,0.0,177.0,139.0,0.0,0.0,35.0,37.0,0.0
0.0,0.0,86.0,178.0,0.0,34.0,41.0,0.0,0.0,0.0
0.0,15.0,95.0,164.0,127.0,0.0,0.0,0.0,0.0,0.0
0.0,14.0,0.0,0.0,0.0,0.0,42.0,0.0,0.0,0.0
0.0,0.0,89.0,157.0,153.0,0.0,41.0,31.0,33.0,0.0
13.0,0.0,78.0,167.0,114.0,42.0,52.0,0.0,0.0,0.0
0.0,0.0,0.0,0.0,0.0,0.0,0.0,0.0,0.0,0.0
0.0,0.0,93.0,162.0,129.0,0.0,0.0,0.0,31.0,0.0
0.0,15.0,79.0,0.0,121.0,0.0,50.0,0.0,36.0,0.0
0.0,0.0,0.0,0.0,0.0,0.0,0.0,0.0,0.0,0.0
0.0,0.0,0.0,0.0,0.0,0.0,0.0,33.0,28.0,0.0
0.0,0.0,0.0,0.0,0.0,0.0,0.0,0.0,0.0,0.0
0.0,0.0,0.0,128.0,139.0,0.0,0.0,0.0,0.0,0.0
11.0,0.0,86.0,163.0,120.0,0.0,39.0,0.0,0.0,0.0
11.0,0.0,0.0,0.0,0.0,37.0,43.0,0.0,0.0,0.0
11.0,13.0,0.0,0.0,0.0,0.0,0.0,0.0,0.0,0.0
11.0,17.0,0.0,0.0,141.0,0.0,41.0,35.0,31.0,0.0
0.0,15.0,0.0,161.0,132.0,42.0,0.0,33.0,33.0,0.0
0.0,15.0,0.0,165.0,138.0,0.0,0.0,31.0,32.0,0.0
12.0,19.0,0.0,0.0,0.0,0.0,0.0,34.0,0.0,0.0
12.0,16.0,0.0,198.0,169.0,0.0,47.0,0.0,34.0,14.0
12.0,16.0,98.0,170.0,156.0,34.0,0.0,0.0,0.0,15.0
11.0,19.0,97.0,153.0,142.0,37.0,46.0,35.0,42.0,13.0
13.0,16.0,101.0,180.0,207.0,45.0,56.0,31.0,42.0,20.0
12.0,19.0,110.0,241.0,163.0,47.0,55.0,35.0,37.0,26.0
12.0,25.0,138.0,212.0,229.0,45.0,60.0,39.0,45.0,19.0
15.0,20.0,122.0,300.0,192.0,54.0,64.0,39.0,50.0,20.0
13.0,25.0,143.0,270.0,281.0,57.0,61.0,44.0,52.0,26.0
14.0,30.0,156.0,409.0,260.0,56.0,70.0,53.0,57.0,26.0
15.0,30.0,179.0,408.0,417.0,64.0,79.0,47.0,59.0,26.0
14.0,32.0,179.0,351.0,463.0,76.0,88.0,54.0,57.0,32.0
15.0,35.0,223.0,271.0,346.0,69.0,87.0,77.0,71.0,33.0
16.0,43.0,236.0,251.0,374.0,81.0,101.0,82.0,83.0,41.0
17.0,43.0,256.0,342.0,459.0,83.0,96.0,96.0,93.0,33.0
16.0,45.0,231.0,325.0,439.0,91.0,105.0,102.0,86.0,48.0
15.0,44.0,275.0,363.0,576.0,40.0,46.0,88.0,77.0,45.0
15.0,42.0,287.0,298.0,511.0,89.0,102.0,85.0,42.0,37.0
15.0,49.0,276.0,380.0,520.0,74.0,44.0,97.0,74.0,34.0
14.0,50.0,271.0,389.0,537.0,66.0,84.0,98.0,73.0,37.0
14.0,48.0,353.0,481.0,594.0,66.0,79.0,93.0,76.0,18.0
12.0,62.0,275.0,396.0,653.0,72.0,87.0,57.0,37.0,34.0
13.0,52.0,289.0,342.0,590.0,74.0,87.0,101.0,72.0,16.0
14.0,51.0,254.0,375.0,512.0,75.0,84.0,100.0,84.0,27.0
12.0,57.0,265.0,358.0,581.0,73.0,88.0,99.0,71.0,28.0
10.0,54.0,266.0,358.0,602.0,77.0,89.0,95.0,75.0,31.0
14.0,55.0,252.0,328.0,584.0,79.0,91.0,104.0,84.0,28.0
12.0,59.0,271.0,291.0,599.0,75.0,88.0,102.0,67.0,24.0
13.0,50.0,254.0,294.0,529.0,73.0,83.0,94.0,69.0,27.0
11.0,43.0,238.0,331.0,468.0,68.0,79.0,80.0,65.0,22.0
11.0,41.0,232.0,267.0,505.0,61.0,72.0,95.0,62.0,29.0
14.0,52.0,263.0,326.0,616.0,83.0,96.0,110.0,85.0,17.0
13.0,51.0,270.0,281.0,535.0,88.0,93.0,103.0,80.0,36.0
14.0,51.0,294.0,264.0,565.0,71.0,43.0,110.0,68.0,25.0
14.0,48.0,269.0,272.0,580.0,73.0,85.0,88.0,70.0,25.0
13.0,49.0,281.0,302.0,815.0,75.0,86.0,90.0,75.0,28.0
16.0,50.0,282.0,271.0,827.0,72.0,84.0,104.0,30.0,13.0
13.0,56.0,298.0,308.0,643.0,72.0,89.0,98.0,82.0,28.0
14.0,54.0,264.0,287.0,519.0,74.0,41.0,104.0,42.0,36.0
16.0,51.0,278.0,323.0,588.0,70.0,83.0,113.0,73.0,26.0
17.0,61.0,302.0,392.0,610.0,73.0,89.0,123.0,86.0,15.0
14.0,56.0,273.0,377.0,805.0,81.0,95.0,99.0,77.0,28.0
14.0,53.0,271.0,354.0,702.0,84.0,101.0,107.0,74.0,30.0
15.0,59.0,277.0,355.0,591.0,79.0,92.0,105.0,82.0,31.0
15.0,67.0,301.0,379.0,720.0,82.0,92.0,101.0,75.0,51.0
16.0,55.0,302.0,488.0,630.0,67.0,80.0,95.0,79.0,14.0
17.0,59.0,321.0,382.0,516.0,74.0,93.0,222.0,99.0,41.0
16.0,56.0,287.0,413.0,682.0,76.0,95.0,133.0,96.0,40.0
17.0,69.0,285.0,349.0,581.0,93.0,112.0,136.0,88.0,37.0
18.0,86.0,311.0,441.0,579.0,80.0,99.0,101.0,95.0,32.0
15.0,69.0,266.0,397.0,543.0,77.0,92.0,113.0,82.0,38.0
16.0,69.0,281.0,408.0,535.0,77.0,45.0,106.0,80.0,33.0
20.0,61.0,289.0,409.0,623.0,93.0,116.0,101.0,73.0,37.0
22.0,76.0,278.0,415.0,652.0,84.0,99.0,113.0,89.0,20.0
14.0,91.0,332.0,355.0,550.0,75.0,93.0,123.0,78.0,44.0
15.0,94.0,282.0,356.0,607.0,72.0,91.0,112.0,80.0,32.0
15.0,69.0,273.0,342.0,614.0,74.0,85.0,100.0,74.0,31.0
16.0,69.0,280.0,269.0,590.0,78.0,94.0,105.0,85.0,28.0
14.0,71.0,287.0,294.0,537.0,87.0,53.0,98.0,100.0,33.0
15.0,62.0,297.0,283.0,554.0,71.0,84.0,105.0,80.0,31.0
15.0,63.0,267.0,317.0,575.0,70.0,83.0,98.0,87.0,34.0
13.0,64.0,273.0,328.0,610.0,79.0,90.0,87.0,78.0,30.0
16.0,67.0,283.0,288.0,808.0,74.0,89.0,105.0,79.0,34.0
14.0,50.0,312.0,294.0,741.0,80.0,89.0,112.0,78.0,29.0
15.0,53.0,305.0,292.0,517.0,75.0,92.0,95.0,85.0,38.0
17.0,62.0,293.0,329.0,710.0,81.0,98.0,124.0,129.0,38.0
14.0,66.0,272.0,308.0,658.0,74.0,91.0,114.0,86.0,33.0
15.0,51.0,273.0,349.0,772.0,71.0,88.0,95.0,97.0,35.0
16.0,54.0,311.0,312.0,948.0,85.0,97.0,52.0,41.0,39.0
14.0,52.0,295.0,290.0,756.0,79.0,88.0,103.0,96.0,38.0
15.0,51.0,282.0,322.0,606.0,80.0,98.0,132.0,111.0,39.0
23.0,59.0,267.0,276.0,665.0,78.0,100.0,109.0,98.0,46.0
17.0,61.0,270.0,277.0,738.0,77.0,96.0,120.0,103.0,37.0
16.0,56.0,268.0,328.0,580.0,76.0,94.0,96.0,92.0,41.0
20.0,64.0,269.0,316.0,571.0,84.0,106.0,102.0,90.0,36.0
20.0,65.0,278.0,318.0,606.0,73.0,94.0,114.0,101.0,42.0
16.0,67.0,313.0,341.0,577.0,93.0,108.0,94.0,90.0,37.0
18.0,66.0,300.0,346.0,558.0,99.0,116.0,101.0,95.0,43.0
18.0,70.0,311.0,305.0,681.0,89.0,105.0,113.0,87.0,36.0
18.0,57.0,305.0,333.0,508.0,88.0,109.0,121.0,96.0,39.0
19.0,61.0,294.0,359.0,501.0,40.0,47.0,99.0,98.0,39.0
17.0,52.0,339.0,295.0,510.0,70.0,88.0,98.0,101.0,43.0
18.0,60.0,305.0,270.0,428.0,77.0,94.0,44.0,96.0,45.0
19.0,51.0,281.0,235.0,458.0,77.0,92.0,78.0,80.0,38.0
19.0,68.0,351.0,297.0,459.0,89.0,108.0,80.0,85.0,38.0
16.0,49.0,310.0,298.0,461.0,88.0,118.0,67.0,77.0,42.0
19.0,49.0,268.0,295.0,573.0,82.0,99.0,70.0,79.0,40.0
19.0,47.0,273.0,273.0,442.0,91.0,113.0,72.0,74.0,40.0
19.0,46.0,214.0,319.0,412.0,89.0,102.0,67.0,82.0,43.0
20.0,43.0,202.0,327.0,823.0,76.0,95.0,74.0,80.0,45.0
18.0,40.0,221.0,340.0,522.0,132.0,161.0,72.0,39.0,37.0
19.0,39.0,229.0,326.0,415.0,109.0,131.0,82.0,78.0,36.0
20.0,38.0,173.0,272.0,408.0,90.0,110.0,71.0,69.0,59.0
22.0,31.0,198.0,314.0,403.0,87.0,100.0,65.0,76.0,33.0
19.0,41.0,177.0,291.0,342.0,73.0,91.0,57.0,74.0,49.0
18.0,42.0,183.0,309.0,336.0,70.0,96.0,64.0,76.0,33.0
19.0,38.0,194.0,477.0,358.0,68.0,82.0,62.0,75.0,31.0
17.0,31.0,181.0,325.0,315.0,74.0,102.0,72.0,89.0,45.0
18.0,37.0,200.0,279.0,274.0,61.0,76.0,59.0,71.0,27.0
19.0,32.0,161.0,257.0,314.0,63.0,80.0,60.0,72.0,29.0
21.0,30.0,163.0,248.0,285.0,70.0,106.0,58.0,71.0,35.0
17.0,33.0,156.0,205.0,268.0,73.0,91.0,68.0,83.0,27.0
17.0,34.0,192.0,227.0,244.0,70.0,80.0,64.0,66.0,30.0
17.0,30.0,205.0,201.0,257.0,77.0,92.0,57.0,84.0,50.0
16.0,30.0,164.0,208.0,267.0,63.0,72.0,57.0,79.0,34.0
17.0,30.0,228.0,281.0,260.0,58.0,70.0,59.0,66.0,25.0
18.0,28.0,296.0,247.0,266.0,63.0,77.0,50.0,57.0,21.0
17.0,30.0,330.0,404.0,231.0,81.0,108.0,51.0,53.0,26.0
15.0,29.0,217.0,276.0,183.0,114.0,152.0,50.0,58.0,23.0
15.0,0.0,205.0,274.0,194.0,66.0,87.0,46.0,58.0,32.0
16.0,26.0,174.0,286.0,212.0,52.0,66.0,47.0,51.0,25.0
15.0,28.0,178.0,273.0,199.0,50.0,64.0,42.0,79.0,24.0
17.0,27.0,125.0,260.0,176.0,55.0,67.0,43.0,77.0,19.0
14.0,23.0,112.0,349.0,175.0,60.0,70.0,41.0,66.0,35.0
15.0,26.0,147.0,386.0,280.0,55.0,66.0,41.0,43.0,43.0
13.0,0.0,133.0,345.0,198.0,54.0,62.0,37.0,44.0,0.0
14.0,23.0,100.0,336.0,148.0,52.0,60.0,34.0,0.0,0.0
16.0,19.0,152.0,351.0,163.0,0.0,56.0,36.0,41.0,0.0
13.0,17.0,106.0,311.0,185.0,52.0,62.0,0.0,0.0,21.0
13.0,20.0,98.0,236.0,159.0,45.0,52.0,0.0,0.0,0.0
0.0,18.0,89.0,303.0,135.0,41.0,0.0,34.0,36.0,0.0
12.0,19.0,86.0,288.0,149.0,47.0,58.0,34.0,0.0,15.0
12.0,0.0,0.0,212.0,169.0,0.0,50.0,0.0,0.0,0.0
0.0,20.0,79.0,0.0,175.0,45.0,54.0,0.0,0.0,0.0
12.0,0.0,76.0,187.0,155.0,0.0,0.0,0.0,0.0,0.0
0.0,19.0,0.0,0.0,136.0,0.0,0.0,0.0,0.0,0.0
0.0,0.0,0.0,0.0,0.0,54.0,64.0,0.0,0.0,0.0
0.0,0.0,72.0,0.0,0.0,0.0,58.0,0.0,0.0,0.0
0.0,0.0,0.0,145.0,144.0,0.0,0.0,0.0,0.0,13.0
0.0,0.0,80.0,168.0,135.0,0.0,0.0,0.0,0.0,0.0
12.0,16.0,67.0,0.0,0.0,0.0,0.0,0.0,0.0,0.0
0.0,22.0,0.0,0.0,0.0,0.0,0.0,0.0,0.0,0.0
0.0,0.0,76.0,0.0,0.0,43.0,48.0,0.0,0.0,0.0
13.0,0.0,0.0,0.0,0.0,0.0,0.0,0.0,0.0,0.0
0.0,0.0,0.0,0.0,0.0,0.0,0.0,34.0,34.0,0.0
0.0,16.0,72.0,0.0,0.0,0.0,45.0,0.0,0.0,12.0
11.0,18.0,63.0,0.0,0.0,43.0,49.0,0.0,31.0,0.0
0.0,0.0,68.0,140.0,133.0,40.0,46.0,0.0,0.0,0.0
0.0,0.0,0.0,0.0,0.0,40.0,45.0,0.0,0.0,0.0
0.0,0.0,0.0,0.0,0.0,45.0,51.0,0.0,0.0,0.0
0.0,0.0,0.0,0.0,0.0,0.0,0.0,0.0,0.0,0.0
0.0,0.0,0.0,186.0,141.0,0.0,0.0,0.0,0.0,0.0
11.0,20.0,68.0,146.0,128.0,52.0,0.0,32.0,32.0,14.0
11.0,19.0,65.0,145.0,145.0,45.0,0.0,0.0,0.0,0.0
11.0,0.0,0.0,0.0,0.0,43.0,47.0,0.0,0.0,0.0
11.0,0.0,86.0,0.0,180.0,48.0,0.0,0.0,31.0,15.0
12.0,18.0,90.0,165.0,158.0,41.0,47.0,36.0,33.0,13.0
10.0,20.0,0.0,0.0,0.0,39.0,47.0,31.0,31.0,13.0
14.0,23.0,91.0,181.0,218.0,51.0,59.0,0.0,0.0,16.0
11.0,20.0,94.0,275.0,216.0,49.0,56.0,40.0,36.0,16.0
11.0,27.0,123.0,213.0,211.0,50.0,58.0,36.0,38.0,15.0
12.0,23.0,112.0,298.0,254.0,75.0,84.0,42.0,43.0,20.0
12.0,28.0,138.0,303.0,221.0,72.0,85.0,49.0,57.0,20.0
14.0,29.0,150.0,392.0,232.0,69.0,83.0,47.0,51.0,24.0
13.0,32.0,198.0,423.0,481.0,71.0,82.0,50.0,57.0,27.0
14.0,42.0,165.0,370.0,428.0,76.0,82.0,76.0,81.0,37.0
13.0,34.0,196.0,257.0,371.0,76.0,87.0,81.0,85.0,35.0
14.0,41.0,224.0,318.0,393.0,94.0,105.0,110.0,102.0,30.0
17.0,38.0,240.0,324.0,449.0,85.0,95.0,75.0,69.0,32.0
16.0,41.0,270.0,303.0,499.0,86.0,96.0,88.0,78.0,37.0
14.0,53.0,240.0,361.0,583.0,83.0,96.0,80.0,76.0,28.0
14.0,61.0,243.0,348.0,548.0,85.0,96.0,100.0,78.0,34.0
14.0,52.0,274.0,373.0,468.0,91.0,108.0,110.0,76.0,27.0
16.0,44.0,308.0,428.0,447.0,91.0,110.0,94.0,75.0,29.0
15.0,56.0,280.0,504.0,554.0,109.0,127.0,104.0,89.0,47.0
17.0,60.0,249.0,475.0,595.0,98.0,58.0,138.0,73.0,25.0
17.0,51.0,258.0,469.0,518.0,83.0,102.0,196.0,68.0,21.0
16.0,66.0,237.0,385.0,548.0,49.0,56.0,76.0,34.0,31.0
15.0,61.0,264.0,347.0,617.0,78.0,98.0,111.0,70.0,25.0
13.0,53.0,248.0,299.0,570.0,84.0,102.0,92.0,61.0,23.0
14.0,111.0,243.0,340.0,585.0,76.0,96.0,87.0,66.0,25.0
15.0,54.0,270.0,305.0,615.0,85.0,102.0,50.0,34.0,24.0
13.0,57.0,257.0,319.0,580.0,89.0,112.0,87.0,72.0,24.0
13.0,61.0,259.0,327.0,534.0,70.0,87.0,109.0,71.0,23.0
13.0,62.0,275.0,334.0,667.0,73.0,86.0,126.0,84.0,28.0
15.0,58.0,242.0,333.0,745.0,77.0,89.0,101.0,69.0,24.0
16.0,84.0,255.0,293.0,551.0,86.0,109.0,102.0,74.0,23.0
18.0,188.0,266.0,282.0,559.0,75.0,90.0,96.0,69.0,29.0
14.0,115.0,267.0,286.0,577.0,73.0,87.0,106.0,110.0,35.0
17.0,51.0,245.0,303.0,473.0,77.0,90.0,105.0,85.0,32.0
16.0,56.0,262.0,318.0,577.0,80.0,92.0,92.0,65.0,25.0
16.0,64.0,261.0,299.0,474.0,77.0,46.0,83.0,66.0,27.0
14.0,58.0,248.0,305.0,588.0,80.0,97.0,95.0,80.0,30.0
15.0,52.0,274.0,331.0,663.0,77.0,45.0,95.0,72.0,29.0
16.0,63.0,269.0,378.0,683.0,82.0,95.0,107.0,78.0,30.0
16.0,66.0,283.0,419.0,714.0,77.0,91.0,103.0,84.0,36.0
18.0,65.0,289.0,382.0,648.0,79.0,96.0,112.0,78.0,31.0
16.0,53.0,274.0,339.0,507.0,81.0,95.0,93.0,74.0,30.0
19.0,86.0,271.0,367.0,608.0,80.0,98.0,92.0,81.0,27.0
14.0,66.0,292.0,359.0,661.0,87.0,102.0,93.0,81.0,27.0
22.0,76.0,295.0,404.0,657.0,77.0,94.0,86.0,70.0,37.0
19.0,74.0,374.0,402.0,743.0,73.0,92.0,90.0,77.0,31.0
15.0,79.0,365.0,355.0,645.0,69.0,93.0,99.0,81.0,31.0
15.0,119.0,277.0,408.0,652.0,72.0,46.0,101.0,73.0,28.0
17.0,58.0,303.0,471.0,677.0,82.0,99.0,105.0,81.0,32.0
16.0,52.0,295.0,479.0,789.0,72.0,87.0,109.0,90.0,34.0
19.0,56.0,236.0,459.0,693.0,104.0,116.0,108.0,83.0,46.0
15.0,75.0,316.0,427.0,627.0,87.0,107.0,116.0,92.0,28.0
14.0,58.0,344.0,423.0,628.0,76.0,90.0,107.0,80.0,28.0
17.0,57.0,408.0,434.0,701.0,80.0,95.0,113.0,73.0,69.0
15.0,57.0,402.0,386.0,561.0,75.0,93.0,136.0,71.0,35.0
19.0,51.0,382.0,327.0,578.0,77.0,91.0,115.0,88.0,18.0
17.0,58.0,488.0,341.0,614.0,88.0,103.0,131.0,73.0,29.0
18.0,52.0,366.0,367.0,731.0,79.0,95.0,129.0,84.0,32.0
18.0,63.0,293.0,357.0,676.0,76.0,93.0,126.0,85.0,30.0
15.0,60.0,294.0,310.0,796.0,88.0,104.0,113.0,79.0,31.0
16.0,53.0,283.0,340.0,668.0,84.0,99.0,124.0,80.0,30.0
19.0,55.0,335.0,424.0,585.0,94.0,109.0,117.0,80.0,29.0
19.0,55.0,301.0,331.0,558.0,83.0,103.0,108.0,95.0,53.0
16.0,53.0,351.0,376.0,676.0,96.0,112.0,151.0,100.0,33.0
17.0,60.0,306.0,358.0,608.0,92.0,110.0,134.0,88.0,16.0
19.0,54.0,303.0,316.0,595.0,86.0,103.0,127.0,85.0,29.0
15.0,55.0,272.0,397.0,609.0,81.0,97.0,109.0,76.0,30.0
18.0,90.0,303.0,344.0,702.0,95.0,113.0,106.0,86.0,37.0
15.0,99.0,269.0,415.0,717.0,85.0,113.0,47.0,46.0,40.0
22.0,54.0,260.0,354.0,640.0,100.0,119.0,108.0,90.0,49.0
16.0,76.0,304.0,402.0,539.0,89.0,54.0,100.0,87.0,36.0
16.0,62.0,298.0,343.0,600.0,94.0,118.0,88.0,91.0,37.0
17.0,59.0,275.0,356.0,606.0,100.0,121.0,95.0,97.0,41.0
16.0,54.0,260.0,332.0,541.0,98.0,116.0,94.0,90.0,44.0
19.0,56.0,283.0,328.0,553.0,99.0,124.0,88.0,93.0,41.0
19.0,62.0,254.0,479.0,605.0,92.0,112.0,88.0,101.0,38.0
21.0,68.0,313.0,377.0,488.0,98.0,112.0,100.0,101.0,39.0
21.0,63.0,266.0,311.0,506.0,102.0,123.0,95.0,93.0,45.0
18.0,62.0,249.0,328.0,445.0,105.0,126.0,133.0,58.0,37.0
17.0,64.0,455.0,266.0,460.0,101.0,121.0,94.0,94.0,52.0
17.0,59.0,236.0,333.0,474.0,108.0,131.0,81.0,92.0,50.0
21.0,50.0,277.0,408.0,422.0,104.0,122.0,95.0,108.0,52.0
17.0,58.0,251.0,276.0,480.0,114.0,140.0,97.0,98.0,33.0
19.0,52.0,270.0,353.0,416.0,121.0,145.0,60.0,87.0,33.0
19.0,49.0,235.0,291.0,394.0,125.0,143.0,73.0,85.0,34.0
20.0,50.0,244.0,307.0,400.0,118.0,141.0,75.0,86.0,34.0
20.0,44.0,241.0,291.0,476.0,119.0,136.0,63.0,83.0,34.0
18.0,42.0,228.0,331.0,343.0,102.0,130.0,72.0,87.0,35.0
18.0,50.0,238.0,331.0,357.0,119.0,144.0,64.0,77.0,35.0
18.0,45.0,243.0,360.0,361.0,99.0,126.0,55.0,66.0,30.0
20.0,52.0,214.0,332.0,339.0,41.0,108.0,68.0,82.0,48.0
18.0,43.0,236.0,349.0,436.0,83.0,104.0,65.0,79.0,51.0
19.0,38.0,178.0,329.0,325.0,85.0,110.0,63.0,69.0,32.0
16.0,35.0,176.0,297.0,324.0,82.0,108.0,85.0,76.0,32.0
18.0,30.0,164.0,321.0,303.0,99.0,124.0,92.0,90.0,32.0
18.0,32.0,161.0,259.0,317.0,85.0,107.0,66.0,71.0,31.0
16.0,35.0,158.0,319.0,322.0,87.0,112.0,68.0,68.0,34.0
18.0,76.0,154.0,293.0,266.0,84.0,113.0,67.0,77.0,28.0
18.0,40.0,140.0,252.0,278.0,121.0,149.0,81.0,93.0,36.0
16.0,29.0,137.0,254.0,297.0,95.0,116.0,56.0,61.0,40.0
17.0,42.0,181.0,260.0,282.0,85.0,115.0,60.0,63.0,45.0
17.0,31.0,178.0,178.0,332.0,100.0,129.0,44.0,57.0,45.0
18.0,40.0,170.0,209.0,255.0,76.0,98.0,52.0,81.0,46.0
20.0,27.0,147.0,227.0,276.0,72.0,97.0,50.0,67.0,33.0
20.0,31.0,142.0,183.0,251.0,67.0,84.0,62.0,52.0,31.0
19.0,30.0,149.0,193.0,250.0,61.0,79.0,55.0,64.0,29.0
18.0,30.0,216.0,207.0,316.0,55.0,72.0,41.0,51.0,29.0
18.0,32.0,119.0,178.0,270.0,70.0,91.0,44.0,52.0,32.0
17.0,29.0,125.0,194.0,286.0,58.0,76.0,46.0,64.0,28.0
15.0,25.0,132.0,199.0,305.0,65.0,84.0,47.0,73.0,25.0
15.0,26.0,108.0,240.0,240.0,55.0,69.0,46.0,56.0,27.0
13.0,37.0,95.0,253.0,250.0,54.0,69.0,44.0,56.0,21.0
12.0,0.0,94.0,281.0,205.0,55.0,70.0,42.0,42.0,19.0
12.0,21.0,90.0,242.0,255.0,58.0,70.0,34.0,42.0,20.0
11.0,0.0,97.0,234.0,179.0,47.0,61.0,45.0,43.0,19.0
0.0,0.0,92.0,228.0,237.0,42.0,54.0,41.0,39.0,17.0
11.0,18.0,82.0,230.0,205.0,51.0,65.0,32.0,39.0,0.0
11.0,19.0,0.0,179.0,193.0,0.0,55.0,40.0,39.0,0.0
0.0,17.0,84.0,201.0,201.0,42.0,55.0,36.0,37.0,16.0
0.0,17.0,94.0,213.0,0.0,42.0,54.0,0.0,0.0,0.0
10.0,0.0,78.0,0.0,150.0,40.0,51.0,0.0,0.0,16.0
11.0,15.0,0.0,185.0,149.0,43.0,56.0,63.0,67.0,0.0
0.0,16.0,78.0,178.0,151.0,41.0,54.0,35.0,41.0,0.0
11.0,0.0,63.0,0.0,142.0,40.0,52.0,0.0,41.0,15.0
0.0,0.0,0.0,0.0,0.0,0.0,52.0,0.0,35.0,0.0
10.0,0.0,75.0,545.0,0.0,43.0,53.0,0.0,0.0,0.0
0.0,0.0,74.0,317.0,0.0,40.0,50.0,0.0,0.0,0.0
0.0,0.0,0.0,0.0,0.0,0.0,48.0,39.0,37.0,0.0
0.0,0.0,67.0,155.0,0.0,0.0,0.0,0.0,0.0,0.0
0.0,0.0,64.0,139.0,126.0,0.0,0.0,0.0,0.0,0.0
0.0,0.0,0.0,0.0,0.0,38.0,46.0,0.0,0.0,0.0
0.0,0.0,0.0,0.0,0.0,42.0,54.0,0.0,0.0,0.0
11.0,0.0,0.0,0.0,0.0,0.0,52.0,39.0,0.0,0.0
0.0,0.0,0.0,0.0,0.0,0.0,0.0,38.0,32.0,0.0
0.0,0.0,0.0,0.0,0.0,40.0,51.0,28.0,0.0,0.0
0.0,0.0,0.0,133.0,123.0,0.0,0.0,0.0,0.0,0.0
11.0,0.0,0.0,0.0,0.0,0.0,45.0,0.0,0.0,13.0
11.0,17.0,0.0,0.0,0.0,0.0,0.0,30.0,30.0,0.0
12.0,0.0,60.0,0.0,0.0,41.0,54.0,0.0,0.0,0.0
10.0,16.0,0.0,195.0,0.0,39.0,48.0,0.0,37.0,0.0
11.0,18.0,65.0,154.0,153.0,44.0,55.0,65.0,65.0,0.0
10.0,17.0,62.0,149.0,140.0,43.0,56.0,46.0,43.0,13.0
10.0,0.0,0.0,0.0,0.0,45.0,53.0,38.0,41.0,0.0
0.0,19.0,87.0,173.0,0.0,44.0,54.0,0.0,33.0,12.0
0.0,18.0,78.0,147.0,0.0,42.0,54.0,0.0,36.0,13.0
10.0,20.0,83.0,0.0,149.0,44.0,54.0,37.0,35.0,15.0
13.0,20.0,82.0,173.0,213.0,49.0,59.0,31.0,40.0,15.0
13.0,22.0,96.0,253.0,0.0,53.0,66.0,41.0,42.0,17.0
11.0,25.0,127.0,288.0,230.0,48.0,61.0,41.0,43.0,18.0
12.0,23.0,116.0,280.0,226.0,61.0,70.0,37.0,43.0,16.0
14.0,27.0,122.0,311.0,221.0,72.0,87.0,51.0,53.0,20.0
14.0,28.0,125.0,466.0,228.0,61.0,78.0,46.0,51.0,24.0
15.0,29.0,143.0,405.0,470.0,72.0,85.0,44.0,65.0,25.0
15.0,33.0,171.0,343.0,448.0,77.0,96.0,61.0,83.0,30.0
15.0,36.0,220.0,300.0,393.0,85.0,102.0,77.0,90.0,35.0
16.0,37.0,234.0,254.0,408.0,107.0,128.0,66.0,67.0,37.0
15.0,35.0,209.0,308.0,428.0,104.0,128.0,118.0,124.0,31.0
16.0,48.0,255.0,306.0,544.0,100.0,121.0,109.0,92.0,30.0
16.0,43.0,266.0,341.0,510.0,103.0,121.0,98.0,90.0,30.0
15.0,50.0,302.0,353.0,513.0,101.0,124.0,113.0,92.0,28.0
17.0,52.0,285.0,392.0,659.0,107.0,127.0,102.0,77.0,28.0
15.0,54.0,265.0,466.0,510.0,103.0,122.0,112.0,76.0,29.0
14.0,53.0,260.0,544.0,584.0,81.0,97.0,110.0,79.0,30.0
13.0,55.0,275.0,485.0,512.0,86.0,109.0,106.0,80.0,29.0
15.0,56.0,281.0,456.0,545.0,76.0,96.0,86.0,75.0,27.0
15.0,55.0,277.0,362.0,550.0,77.0,95.0,109.0,70.0,30.0
13.0,55.0,311.0,414.0,618.0,99.0,54.0,114.0,80.0,33.0
13.0,58.0,286.0,363.0,625.0,104.0,122.0,88.0,72.0,25.0
13.0,66.0,278.0,313.0,573.0,82.0,95.0,102.0,76.0,25.0
14.0,74.0,233.0,318.0,573.0,83.0,98.0,109.0,94.0,30.0
12.0,74.0,221.0,357.0,552.0,82.0,99.0,93.0,79.0,27.0
14.0,64.0,255.0,354.0,749.0,86.0,52.0,51.0,39.0,14.0
14.0,56.0,246.0,324.0,756.0,90.0,108.0,102.0,88.0,26.0
14.0,59.0,241.0,335.0,629.0,91.0,50.0,101.0,39.0,13.0
15.0,76.0,229.0,297.0,732.0,93.0,120.0,170.0,89.0,26.0
18.0,66.0,245.0,298.0,801.0,87.0,54.0,104.0,99.0,26.0
14.0,60.0,206.0,331.0,593.0,78.0,49.0,96.0,97.0,28.0
15.0,58.0,217.0,376.0,515.0,94.0,116.0,110.0,89.0,25.0
14.0,70.0,240.0,409.0,604.0,79.0,101.0,108.0,106.0,26.0
15.0,63.0,225.0,392.0,555.0,83.0,102.0,203.0,137.0,30.0
15.0,63.0,204.0,385.0,573.0,79.0,106.0,135.0,95.0,27.0
15.0,65.0,253.0,311.0,542.0,85.0,105.0,107.0,89.0,14.0
16.0,57.0,242.0,370.0,537.0,96.0,122.0,101.0,79.0,29.0
17.0,65.0,269.0,315.0,496.0,105.0,137.0,114.0,81.0,29.0
17.0,72.0,211.0,311.0,553.0,89.0,107.0,109.0,79.0,31.0
20.0,60.0,189.0,305.0,509.0,123.0,152.0,102.0,81.0,36.0
19.0,73.0,264.0,310.0,584.0,99.0,125.0,101.0,77.0,56.0
20.0,69.0,264.0,298.0,503.0,90.0,111.0,101.0,76.0,47.0
21.0,69.0,243.0,346.0,456.0,80.0,101.0,104.0,72.0,36.0
20.0,68.0,292.0,350.0,459.0,39.0,101.0,107.0,113.0,41.0
21.0,69.0,228.0,320.0,488.0,91.0,117.0,168.0,77.0,79.0
19.0,59.0,242.0,315.0,589.0,95.0,116.0,168.0,26.0,82.0
17.0,61.0,400.0,358.0,605.0,91.0,119.0,164.0,93.0,60.0
17.0,60.0,224.0,380.0,564.0,89.0,113.0,157.0,79.0,45.0
19.0,56.0,195.0,362.0,504.0,83.0,102.0,88.0,76.0,37.0
19.0,71.0,266.0,347.0,417.0,93.0,59.0,131.0,94.0,42.0
21.0,53.0,249.0,342.0,497.0,96.0,117.0,126.0,91.0,36.0
14.0,51.0,228.0,369.0,426.0,82.0,110.0,121.0,83.0,39.0
16.0,55.0,268.0,424.0,444.0,90.0,56.0,121.0,95.0,40.0
18.0,57.0,265.0,402.0,426.0,97.0,117.0,169.0,119.0,40.0
17.0,57.0,270.0,524.0,436.0,119.0,133.0,133.0,80.0,39.0
17.0,64.0,244.0,332.0,573.0,105.0,119.0,107.0,88.0,37.0
15.0,61.0,372.0,384.0,460.0,84.0,109.0,121.0,89.0,17.0
15.0,86.0,259.0,352.0,507.0,81.0,97.0,67.0,104.0,31.0
17.0,72.0,299.0,333.0,549.0,83.0,103.0,105.0,88.0,32.0
16.0,67.0,308.0,333.0,635.0,95.0,119.0,129.0,96.0,30.0
17.0,66.0,249.0,355.0,481.0,111.0,138.0,116.0,78.0,72.0
15.0,60.0,237.0,318.0,519.0,91.0,110.0,104.0,81.0,33.0
19.0,73.0,295.0,344.0,609.0,89.0,112.0,115.0,98.0,30.0
18.0,64.0,259.0,327.0,650.0,87.0,105.0,99.0,78.0,31.0
17.0,71.0,251.0,371.0,544.0,93.0,112.0,108.0,90.0,34.0
22.0,74.0,263.0,333.0,659.0,82.0,103.0,111.0,88.0,37.0
22.0,64.0,281.0,350.0,646.0,94.0,122.0,130.0,102.0,38.0
18.0,72.0,286.0,309.0,663.0,88.0,123.0,120.0,95.0,34.0
20.0,64.0,285.0,349.0,613.0,85.0,107.0,114.0,98.0,50.0
20.0,62.0,296.0,318.0,593.0,94.0,114.0,113.0,98.0,43.0
25.0,75.0,254.0,382.0,635.0,102.0,125.0,124.0,90.0,40.0
21.0,67.0,310.0,353.0,656.0,91.0,53.0,86.0,47.0,21.0
21.0,59.0,249.0,328.0,622.0,105.0,66.0,149.0,94.0,39.0
20.0,59.0,300.0,357.0,516.0,95.0,112.0,100.0,104.0,36.0
21.0,64.0,385.0,377.0,504.0,47.0,59.0,98.0,99.0,40.0
19.0,81.0,331.0,383.0,601.0,103.0,125.0,81.0,85.0,20.0
19.0,94.0,276.0,406.0,566.0,109.0,134.0,93.0,109.0,50.0
20.0,69.0,305.0,307.0,480.0,110.0,134.0,91.0,95.0,30.0
20.0,215.0,278.0,346.0,505.0,94.0,113.0,137.0,92.0,42.0
20.0,53.0,270.0,330.0,498.0,89.0,52.0,89.0,102.0,46.0
21.0,47.0,246.0,271.0,459.0,93.0,107.0,81.0,82.0,41.0
19.0,51.0,278.0,357.0,444.0,111.0,132.0,77.0,87.0,41.0
23.0,52.0,240.0,360.0,669.0,98.0,118.0,85.0,93.0,35.0
19.0,47.0,225.0,278.0,416.0,99.0,121.0,92.0,94.0,37.0
21.0,54.0,214.0,324.0,468.0,43.0,53.0,72.0,82.0,36.0
24.0,56.0,218.0,332.0,495.0,79.0,94.0,81.0,96.0,34.0
25.0,52.0,200.0,314.0,420.0,97.0,117.0,78.0,90.0,33.0
22.0,45.0,192.0,307.0,415.0,106.0,124.0,73.0,82.0,32.0
22.0,42.0,169.0,311.0,315.0,92.0,112.0,96.0,123.0,34.0
19.0,37.0,198.0,298.0,294.0,87.0,109.0,85.0,102.0,32.0
24.0,41.0,202.0,342.0,305.0,78.0,105.0,78.0,92.0,32.0
32.0,50.0,186.0,286.0,377.0,82.0,100.0,71.0,89.0,56.0
21.0,40.0,163.0,329.0,356.0,78.0,95.0,71.0,85.0,30.0
20.0,34.0,165.0,285.0,303.0,71.0,87.0,57.0,68.0,28.0
19.0,39.0,131.0,259.0,287.0,70.0,87.0,60.0,74.0,36.0
23.0,38.0,164.0,261.0,241.0,70.0,86.0,67.0,86.0,39.0
19.0,45.0,152.0,239.0,299.0,69.0,91.0,58.0,86.0,47.0
19.0,33.0,121.0,204.0,324.0,101.0,111.0,69.0,88.0,28.0
20.0,29.0,144.0,199.0,316.0,88.0,103.0,77.0,96.0,25.0
17.0,29.0,136.0,206.0,255.0,77.0,96.0,57.0,76.0,42.0
19.0,29.0,125.0,250.0,278.0,70.0,84.0,73.0,92.0,25.0
19.0,29.0,125.0,194.0,300.0,66.0,84.0,84.0,100.0,27.0
17.0,31.0,149.0,193.0,232.0,63.0,80.0,57.0,77.0,26.0
15.0,35.0,156.0,192.0,225.0,76.0,92.0,67.0,72.0,24.0
18.0,31.0,149.0,189.0,247.0,67.0,81.0,63.0,71.0,26.0
16.0,45.0,129.0,189.0,217.0,63.0,78.0,47.0,63.0,26.0
16.0,35.0,130.0,167.0,256.0,63.0,79.0,60.0,83.0,27.0
17.0,29.0,112.0,159.0,176.0,62.0,78.0,54.0,63.0,18.0
18.0,36.0,126.0,238.0,136.0,62.0,76.0,47.0,64.0,20.0
17.0,37.0,122.0,256.0,173.0,58.0,79.0,55.0,61.0,18.0
18.0,34.0,134.0,272.0,164.0,50.0,67.0,55.0,62.0,23.0
20.0,27.0,116.0,346.0,196.0,60.0,76.0,51.0,57.0,19.0
14.0,0.0,117.0,307.0,183.0,52.0,69.0,52.0,56.0,17.0
14.0,26.0,113.0,230.0,167.0,50.0,66.0,53.0,57.0,20.0
13.0,30.0,110.0,225.0,162.0,56.0,66.0,49.0,51.0,17.0
13.0,29.0,101.0,189.0,144.0,50.0,61.0,41.0,46.0,21.0
13.0,24.0,105.0,206.0,152.0,59.0,73.0,44.0,47.0,26.0
12.0,0.0,0.0,188.0,147.0,55.0,66.0,42.0,44.0,21.0
12.0,24.0,91.0,174.0,169.0,45.0,54.0,37.0,43.0,19.0
13.0,22.0,103.0,170.0,120.0,50.0,62.0,40.0,43.0,18.0
0.0,26.0,97.0,0.0,0.0,53.0,64.0,41.0,42.0,17.0
12.0,0.0,0.0,145.0,128.0,50.0,63.0,37.0,41.0,17.0
13.0,0.0,0.0,0.0,0.0,49.0,59.0,40.0,40.0,0.0
13.0,0.0,0.0,171.0,0.0,53.0,64.0,35.0,41.0,0.0
12.0,0.0,0.0,0.0,0.0,64.0,81.0,38.0,41.0,16.0
12.0,19.0,80.0,165.0,116.0,0.0,71.0,36.0,42.0,0.0
11.0,20.0,77.0,171.0,114.0,55.0,67.0,38.0,41.0,17.0
12.0,20.0,0.0,139.0,116.0,47.0,57.0,39.0,39.0,0.0
0.0,0.0,0.0,0.0,0.0,49.0,58.0,39.0,38.0,0.0
11.0,0.0,80.0,165.0,0.0,51.0,61.0,36.0,35.0,15.0
0.0,0.0,71.0,158.0,120.0,49.0,58.0,37.0,37.0,0.0
0.0,0.0,84.0,0.0,0.0,46.0,57.0,41.0,38.0,0.0
0.0,0.0,78.0,183.0,111.0,53.0,64.0,36.0,34.0,21.0
12.0,0.0,0.0,144.0,134.0,49.0,56.0,35.0,37.0,0.0
10.0,17.0,77.0,188.0,115.0,43.0,53.0,37.0,37.0,13.0
0.0,0.0,0.0,0.0,0.0,53.0,61.0,33.0,34.0,14.0
9.0,0.0,0.0,0.0,0.0,44.0,53.0,34.0,36.0,14.0
10.0,0.0,78.0,0.0,0.0,49.0,58.0,39.0,40.0,13.0
10.0,17.0,77.0,172.0,114.0,55.0,66.0,31.0,32.0,0.0
10.0,0.0,72.0,0.0,0.0,41.0,50.0,35.0,40.0,0.0
0.0,20.0,78.0,187.0,96.0,40.0,48.0,35.0,0.0,0.0
10.0,19.0,79.0,199.0,128.0,55.0,63.0,0.0,35.0,0.0
10.0,0.0,81.0,178.0,116.0,43.0,0.0,36.0,42.0,0.0
10.0,17.0,81.0,0.0,151.0,41.0,49.0,40.0,43.0,0.0
11.0,21.0,88.0,0.0,0.0,52.0,61.0,31.0,36.0,14.0
11.0,24.0,0.0,173.0,120.0,46.0,55.0,37.0,43.0,15.0
11.0,26.0,121.0,191.0,160.0,46.0,54.0,38.0,39.0,0.0
11.0,20.0,120.0,0.0,191.0,57.0,66.0,35.0,34.0,16.0
11.0,23.0,116.0,201.0,170.0,56.0,66.0,39.0,44.0,15.0
11.0,22.0,110.0,364.0,177.0,53.0,62.0,36.0,40.0,16.0
10.0,22.0,148.0,309.0,231.0,55.0,65.0,41.0,43.0,16.0
11.0,24.0,125.0,213.0,310.0,65.0,76.0,41.0,49.0,18.0
12.0,24.0,163.0,215.0,292.0,52.0,61.0,49.0,50.0,18.0
7.0,29.0,201.0,253.0,251.0,94.0,119.0,46.0,44.0,18.0
13.0,32.0,197.0,238.0,269.0,66.0,75.0,48.0,55.0,20.0
13.0,30.0,164.0,290.0,325.0,66.0,77.0,50.0,56.0,25.0
13.0,27.0,180.0,260.0,277.0,71.0,85.0,52.0,50.0,24.0
13.0,31.0,170.0,270.0,285.0,63.0,77.0,53.0,64.0,22.0
15.0,27.0,196.0,217.0,308.0,77.0,92.0,57.0,68.0,24.0
14.0,30.0,184.0,257.0,359.0,78.0,100.0,57.0,56.0,29.0
15.0,34.0,324.0,248.0,316.0,79.0,93.0,61.0,72.0,33.0
14.0,35.0,192.0,218.0,310.0,80.0,97.0,56.0,67.0,23.0
14.0,45.0,227.0,296.0,421.0,85.0,104.0,61.0,73.0,31.0
13.0,42.0,195.0,245.0,291.0,78.0,48.0,65.0,81.0,31.0
14.0,63.0,204.0,213.0,348.0,80.0,99.0,57.0,37.0,16.0
14.0,46.0,192.0,277.0,410.0,86.0,106.0,59.0,71.0,30.0
17.0,51.0,210.0,228.0,394.0,83.0,107.0,61.0,79.0,32.0
15.0,54.0,197.0,243.0,476.0,81.0,97.0,76.0,95.0,28.0
18.0,66.0,220.0,265.0,383.0,85.0,102.0,79.0,85.0,26.0
16.0,56.0,237.0,280.0,387.0,40.0,52.0,35.0,55.0,35.0
15.0,62.0,206.0,321.0,417.0,83.0,105.0,73.0,81.0,22.0
17.0,55.0,249.0,265.0,440.0,89.0,111.0,75.0,90.0,38.0
17.0,69.0,253.0,242.0,366.0,85.0,110.0,74.0,93.0,35.0
17.0,64.0,258.0,261.0,459.0,79.0,112.0,79.0,107.0,31.0
17.0,58.0,247.0,275.0,456.0,89.0,111.0,72.0,93.0,31.0
16.0,69.0,213.0,247.0,391.0,76.0,34.0,67.0,89.0,37.0
16.0,64.0,273.0,301.0,446.0,87.0,118.0,75.0,87.0,34.0
17.0,56.0,229.0,291.0,409.0,85.0,109.0,59.0,77.0,38.0
16.0,71.0,223.0,321.0,439.0,99.0,120.0,73.0,91.0,40.0
17.0,88.0,231.0,292.0,444.0,94.0,118.0,80.0,91.0,38.0
18.0,69.0,248.0,308.0,473.0,96.0,60.0,39.0,42.0,42.0
19.0,71.0,252.0,321.0,414.0,80.0,106.0,73.0,110.0,42.0
21.0,62.0,313.0,301.0,469.0,79.0,103.0,81.0,96.0,36.0
21.0,67.0,315.0,266.0,503.0,91.0,120.0,78.0,72.0,35.0
25.0,64.0,254.0,261.0,454.0,95.0,123.0,77.0,91.0,33.0
22.0,50.0,262.0,253.0,498.0,79.0,56.0,64.0,74.0,39.0
19.0,63.0,258.0,318.0,411.0,41.0,53.0,62.0,38.0,36.0
19.0,54.0,249.0,265.0,472.0,71.0,95.0,77.0,83.0,40.0
20.0,44.0,217.0,297.0,482.0,79.0,99.0,246.0,78.0,34.0
20.0,48.0,227.0,325.0,502.0,79.0,50.0,62.0,77.0,32.0
23.0,46.0,241.0,294.0,411.0,79.0,105.0,83.0,94.0,37.0
19.0,41.0,202.0,305.0,441.0,77.0,102.0,74.0,86.0,35.0
23.0,40.0,220.0,313.0,387.0,92.0,116.0,74.0,86.0,32.0
24.0,44.0,205.0,277.0,417.0,88.0,58.0,92.0,107.0,35.0
22.0,48.0,185.0,298.0,490.0,96.0,122.0,71.0,85.0,36.0
22.0,49.0,185.0,358.0,714.0,93.0,119.0,67.0,85.0,39.0
22.0,48.0,170.0,268.0,392.0,85.0,105.0,77.0,89.0,35.0
21.0,49.0,190.0,244.0,353.0,79.0,106.0,69.0,79.0,33.0
21.0,64.0,203.0,303.0,435.0,81.0,110.0,77.0,94.0,39.0
21.0,64.0,184.0,257.0,394.0,77.0,103.0,72.0,93.0,37.0
18.0,58.0,193.0,280.0,426.0,91.0,60.0,74.0,89.0,37.0
22.0,60.0,183.0,301.0,415.0,90.0,116.0,91.0,92.0,16.0
20.0,64.0,230.0,268.0,425.0,82.0,119.0,97.0,95.0,38.0
18.0,61.0,212.0,397.0,402.0,73.0,98.0,77.0,94.0,37.0
25.0,65.0,222.0,453.0,612.0,86.0,112.0,78.0,92.0,37.0
20.0,68.0,190.0,241.0,396.0,54.0,72.0,76.0,89.0,34.0
21.0,77.0,205.0,411.0,415.0,88.0,113.0,76.0,92.0,34.0
20.0,62.0,202.0,306.0,645.0,81.0,53.0,73.0,83.0,32.0
21.0,65.0,171.0,292.0,459.0,85.0,110.0,79.0,92.0,36.0
20.0,77.0,208.0,304.0,421.0,82.0,108.0,81.0,94.0,35.0
19.0,72.0,207.0,277.0,569.0,99.0,125.0,71.0,85.0,37.0
20.0,67.0,198.0,278.0,567.0,94.0,119.0,71.0,120.0,48.0
20.0,70.0,234.0,247.0,482.0,80.0,103.0,78.0,113.0,56.0
21.0,63.0,179.0,299.0,423.0,91.0,113.0,70.0,92.0,39.0
19.0,74.0,182.0,290.0,437.0,82.0,106.0,74.0,96.0,43.0
18.0,59.0,263.0,508.0,494.0,77.0,100.0,74.0,109.0,40.0
19.0,58.0,199.0,301.0,486.0,92.0,115.0,75.0,94.0,48.0
20.0,72.0,208.0,335.0,475.0,97.0,130.0,75.0,107.0,43.0
19.0,65.0,208.0,327.0,624.0,77.0,97.0,74.0,95.0,42.0
21.0,56.0,234.0,330.0,458.0,95.0,119.0,84.0,93.0,45.0
21.0,60.0,222.0,341.0,416.0,88.0,110.0,81.0,82.0,43.0
18.0,62.0,220.0,277.0,445.0,88.0,108.0,75.0,87.0,56.0
19.0,58.0,200.0,295.0,456.0,90.0,111.0,74.0,88.0,21.0
19.0,60.0,212.0,315.0,364.0,95.0,120.0,73.0,84.0,36.0
17.0,45.0,243.0,1159.0,402.0,90.0,109.0,70.0,85.0,39.0
18.0,51.0,455.0,580.0,402.0,94.0,120.0,73.0,84.0,44.0
17.0,49.0,440.0,399.0,471.0,85.0,111.0,69.0,76.0,42.0
19.0,48.0,281.0,266.0,392.0,93.0,113.0,74.0,110.0,52.0
19.0,51.0,182.0,264.0,347.0,94.0,111.0,81.0,97.0,34.0
23.0,47.0,167.0,217.0,424.0,81.0,103.0,78.0,100.0,31.0
21.0,49.0,166.0,281.0,340.0,75.0,91.0,65.0,90.0,40.0
19.0,39.0,161.0,278.0,279.0,74.0,89.0,61.0,86.0,40.0
21.0,38.0,145.0,235.0,309.0,75.0,95.0,63.0,87.0,33.0
18.0,39.0,196.0,314.0,247.0,82.0,97.0,61.0,74.0,31.0
20.0,37.0,153.0,223.0,258.0,83.0,97.0,67.0,77.0,28.0
20.0,37.0,143.0,235.0,377.0,69.0,87.0,63.0,90.0,32.0
19.0,33.0,172.0,254.0,256.0,75.0,89.0,57.0,82.0,35.0
19.0,33.0,202.0,256.0,251.0,74.0,92.0,58.0,65.0,35.0
22.0,34.0,136.0,252.0,528.0,76.0,94.0,58.0,79.0,31.0
22.0,29.0,136.0,229.0,251.0,105.0,131.0,67.0,76.0,41.0
20.0,32.0,132.0,223.0,251.0,89.0,103.0,73.0,89.0,36.0
25.0,31.0,157.0,237.0,235.0,80.0,96.0,56.0,104.0,34.0
19.0,29.0,132.0,190.0,279.0,94.0,106.0,62.0,78.0,30.0
18.0,34.0,136.0,226.0,280.0,90.0,106.0,59.0,68.0,29.0
21.0,31.0,120.0,230.0,230.0,91.0,111.0,75.0,75.0,31.0
21.0,28.0,123.0,202.0,195.0,88.0,106.0,57.0,82.0,28.0
20.0,30.0,142.0,191.0,218.0,78.0,99.0,54.0,65.0,27.0
21.0,38.0,117.0,160.0,175.0,68.0,89.0,65.0,78.0,30.0
18.0,27.0,117.0,166.0,198.0,107.0,134.0,59.0,66.0,34.0
18.0,31.0,106.0,174.0,188.0,68.0,86.0,55.0,67.0,27.0
18.0,35.0,101.0,162.0,182.0,68.0,87.0,58.0,79.0,25.0
21.0,27.0,144.0,158.0,203.0,71.0,93.0,53.0,65.0,30.0
20.0,32.0,173.0,202.0,206.0,76.0,97.0,50.0,61.0,34.0
17.0,32.0,115.0,225.0,210.0,64.0,83.0,63.0,85.0,22.0
18.0,33.0,103.0,214.0,189.0,72.0,90.0,64.0,81.0,23.0
16.0,32.0,106.0,225.0,173.0,70.0,89.0,60.0,71.0,21.0
15.0,37.0,96.0,192.0,165.0,82.0,101.0,54.0,74.0,19.0
18.0,26.0,106.0,225.0,173.0,69.0,90.0,50.0,62.0,20.0
16.0,29.0,98.0,241.0,174.0,64.0,83.0,43.0,48.0,17.0
15.0,33.0,83.0,177.0,166.0,66.0,84.0,44.0,60.0,20.0
14.0,23.0,94.0,215.0,161.0,60.0,79.0,42.0,49.0,25.0
0.0,27.0,94.0,217.0,169.0,59.0,76.0,43.0,49.0,20.0
13.0,27.0,80.0,175.0,154.0,63.0,83.0,49.0,63.0,17.0
14.0,21.0,81.0,187.0,148.0,62.0,80.0,42.0,48.0,18.0
14.0,24.0,85.0,204.0,164.0,63.0,80.0,51.0,81.0,15.0
15.0,29.0,68.0,165.0,170.0,59.0,75.0,39.0,50.0,15.0
13.0,0.0,81.0,202.0,149.0,57.0,70.0,40.0,44.0,15.0
14.0,0.0,0.0,176.0,151.0,60.0,72.0,37.0,37.0,14.0
14.0,24.0,121.0,211.0,166.0,56.0,67.0,36.0,43.0,15.0
14.0,0.0,0.0,0.0,0.0,66.0,79.0,40.0,45.0,16.0
12.0,0.0,133.0,0.0,151.0,62.0,74.0,37.0,35.0,14.0
12.0,21.0,0.0,143.0,0.0,58.0,69.0,37.0,45.0,15.0
0.0,0.0,0.0,198.0,135.0,58.0,71.0,37.0,43.0,15.0
11.0,18.0,70.0,187.0,145.0,55.0,67.0,36.0,36.0,13.0
0.0,19.0,0.0,142.0,152.0,58.0,68.0,37.0,41.0,15.0
0.0,0.0,0.0,196.0,132.0,60.0,69.0,40.0,43.0,0.0
11.0,17.0,63.0,0.0,0.0,55.0,64.0,35.0,29.0,13.0
11.0,20.0,55.0,145.0,139.0,56.0,69.0,36.0,38.0,0.0
12.0,17.0,66.0,0.0,0.0,55.0,69.0,36.0,42.0,0.0
11.0,0.0,0.0,0.0,128.0,49.0,59.0,32.0,30.0,0.0
0.0,19.0,0.0,0.0,0.0,43.0,53.0,33.0,38.0,0.0
0.0,0.0,0.0,0.0,0.0,48.0,57.0,35.0,35.0,0.0
12.0,18.0,64.0,175.0,130.0,40.0,48.0,31.0,33.0,15.0
0.0,18.0,0.0,0.0,0.0,0.0,49.0,31.0,34.0,12.0
13.0,16.0,67.0,208.0,124.0,0.0,0.0,33.0,37.0,13.0
12.0,19.0,63.0,0.0,140.0,0.0,0.0,32.0,31.0,12.0
0.0,0.0,0.0,0.0,0.0,37.0,46.0,33.0,45.0,13.0
13.0,0.0,66.0,0.0,0.0,39.0,47.0,32.0,31.0,0.0
14.0,18.0,66.0,0.0,0.0,41.0,49.0,30.0,29.0,13.0
13.0,19.0,62.0,147.0,178.0,38.0,47.0,34.0,36.0,0.0
14.0,0.0,67.0,0.0,0.0,40.0,50.0,0.0,34.0,0.0
12.0,18.0,71.0,110.0,150.0,39.0,51.0,32.0,31.0,0.0
15.0,18.0,68.0,89.0,157.0,46.0,55.0,34.0,35.0,14.0
14.0,16.0,68.0,96.0,120.0,39.0,49.0,33.0,0.0,13.0
12.0,19.0,79.0,124.0,126.0,45.0,56.0,34.0,30.0,14.0
14.0,22.0,77.0,130.0,157.0,40.0,49.0,33.0,38.0,14.0
16.0,17.0,82.0,121.0,152.0,41.0,53.0,82.0,93.0,15.0
14.0,21.0,68.0,147.0,149.0,56.0,67.0,46.0,47.0,19.0
14.0,26.0,81.0,103.0,170.0,50.0,59.0,36.0,40.0,16.0
15.0,20.0,82.0,127.0,150.0,54.0,64.0,39.0,50.0,16.0
14.0,21.0,76.0,152.0,162.0,45.0,59.0,35.0,41.0,16.0
15.0,20.0,88.0,120.0,253.0,47.0,59.0,38.0,44.0,16.0
18.0,20.0,116.0,125.0,174.0,49.0,63.0,40.0,56.0,18.0
15.0,24.0,87.0,150.0,151.0,66.0,82.0,47.0,50.0,17.0
15.0,26.0,150.0,106.0,171.0,66.0,83.0,39.0,46.0,19.0
16.0,25.0,97.0,119.0,206.0,77.0,92.0,24.0,31.0,20.0
15.0,31.0,98.0,137.0,206.0,78.0,93.0,60.0,67.0,36.0
15.0,29.0,107.0,126.0,242.0,60.0,78.0,48.0,58.0,25.0
19.0,26.0,119.0,167.0,283.0,28.0,74.0,60.0,73.0,23.0
15.0,29.0,103.0,167.0,281.0,68.0,87.0,53.0,56.0,23.0
17.0,34.0,109.0,151.0,247.0,63.0,84.0,53.0,70.0,20.0
19.0,32.0,108.0,152.0,280.0,68.0,89.0,53.0,60.0,21.0
17.0,33.0,148.0,174.0,235.0,74.0,101.0,59.0,66.0,23.0
18.0,38.0,127.0,171.0,259.0,79.0,105.0,54.0,77.0,31.0
19.0,40.0,141.0,189.0,231.0,81.0,107.0,51.0,65.0,26.0
17.0,44.0,124.0,182.0,233.0,117.0,135.0,60.0,63.0,25.0
21.0,46.0,140.0,198.0,307.0,90.0,118.0,56.0,69.0,25.0
15.0,42.0,136.0,263.0,243.0,73.0,97.0,66.0,72.0,22.0
20.0,48.0,165.0,308.0,367.0,94.0,125.0,68.0,73.0,24.0
17.0,49.0,183.0,234.0,433.0,69.0,94.0,55.0,77.0,28.0
20.0,44.0,223.0,257.0,266.0,74.0,100.0,62.0,77.0,13.0
20.0,55.0,151.0,237.0,376.0,78.0,103.0,62.0,70.0,26.0
21.0,47.0,186.0,252.0,278.0,78.0,108.0,59.0,83.0,28.0
19.0,46.0,167.0,264.0,318.0,84.0,111.0,62.0,33.0,28.0
20.0,47.0,158.0,200.0,307.0,81.0,108.0,56.0,66.0,27.0
18.0,45.0,149.0,170.0,335.0,84.0,111.0,65.0,84.0,30.0
20.0,67.0,195.0,177.0,335.0,78.0,103.0,57.0,79.0,53.0
22.0,62.0,144.0,170.0,258.0,81.0,109.0,57.0,76.0,48.0
20.0,67.0,219.0,159.0,259.0,76.0,101.0,65.0,89.0,48.0
17.0,53.0,156.0,167.0,280.0,69.0,93.0,59.0,91.0,36.0
19.0,45.0,140.0,166.0,241.0,73.0,101.0,56.0,72.0,34.0
20.0,52.0,191.0,173.0,236.0,69.0,95.0,54.0,107.0,36.0
17.0,48.0,144.0,192.0,266.0,69.0,95.0,57.0,65.0,31.0
17.0,65.0,123.0,182.0,349.0,137.0,178.0,59.0,69.0,43.0
17.0,54.0,135.0,167.0,280.0,91.0,120.0,59.0,79.0,34.0
18.0,47.0,131.0,230.0,280.0,78.0,99.0,71.0,82.0,33.0
18.0,54.0,133.0,178.0,357.0,83.0,110.0,63.0,107.0,35.0
19.0,50.0,131.0,193.0,322.0,82.0,105.0,67.0,105.0,47.0
20.0,47.0,140.0,204.0,345.0,155.0,204.0,69.0,88.0,37.0
19.0,59.0,153.0,217.0,329.0,167.0,215.0,64.0,81.0,32.0
18.0,56.0,160.0,173.0,414.0,76.0,105.0,55.0,77.0,35.0
22.0,56.0,127.0,221.0,430.0,72.0,98.0,59.0,81.0,34.0
18.0,54.0,146.0,215.0,408.0,76.0,103.0,56.0,66.0,36.0
17.0,59.0,139.0,154.0,277.0,79.0,109.0,64.0,86.0,37.0
20.0,71.0,149.0,207.0,339.0,77.0,101.0,69.0,90.0,40.0
23.0,62.0,186.0,301.0,334.0,74.0,103.0,66.0,72.0,37.0
20.0,69.0,147.0,285.0,270.0,83.0,112.0,111.0,109.0,33.0
20.0,79.0,361.0,307.0,315.0,80.0,105.0,87.0,101.0,38.0
22.0,76.0,149.0,188.0,361.0,79.0,104.0,65.0,95.0,34.0
16.0,78.0,157.0,176.0,371.0,74.0,97.0,60.0,80.0,31.0
18.0,72.0,158.0,192.0,391.0,86.0,107.0,63.0,81.0,35.0
18.0,64.0,208.0,219.0,408.0,77.0,100.0,62.0,91.0,22.0
19.0,77.0,189.0,206.0,438.0,87.0,108.0,64.0,72.0,38.0
20.0,79.0,167.0,227.0,542.0,92.0,115.0,65.0,80.0,38.0
20.0,70.0,247.0,233.0,386.0,78.0,101.0,70.0,81.0,37.0
18.0,84.0,419.0,221.0,383.0,82.0,101.0,62.0,78.0,33.0
23.0,68.0,279.0,253.0,550.0,98.0,132.0,70.0,89.0,33.0
18.0,64.0,196.0,215.0,356.0,102.0,128.0,66.0,39.0,33.0
18.0,75.0,206.0,236.0,381.0,47.0,118.0,84.0,100.0,43.0
19.0,66.0,183.0,237.0,394.0,85.0,111.0,74.0,74.0,31.0
20.0,69.0,236.0,223.0,356.0,85.0,106.0,71.0,79.0,34.0
18.0,70.0,306.0,235.0,417.0,81.0,97.0,74.0,79.0,33.0
18.0,74.0,264.0,269.0,430.0,81.0,99.0,71.0,97.0,36.0
17.0,84.0,177.0,261.0,444.0,86.0,107.0,69.0,82.0,39.0
18.0,63.0,197.0,177.0,293.0,68.0,87.0,64.0,79.0,42.0
20.0,56.0,189.0,211.0,315.0,70.0,90.0,67.0,70.0,33.0
17.0,60.0,204.0,217.0,288.0,80.0,99.0,65.0,76.0,34.0
17.0,53.0,225.0,194.0,340.0,74.0,88.0,59.0,73.0,37.0
21.0,53.0,184.0,223.0,341.0,76.0,94.0,58.0,35.0,44.0
22.0,45.0,167.0,239.0,288.0,92.0,55.0,65.0,83.0,33.0
21.0,37.0,231.0,235.0,381.0,87.0,51.0,63.0,40.0,37.0
18.0,41.0,181.0,271.0,313.0,79.0,101.0,67.0,67.0,28.0
22.0,42.0,149.0,280.0,327.0,109.0,136.0,67.0,72.0,36.0
19.0,43.0,200.0,274.0,324.0,82.0,97.0,69.0,100.0,31.0
18.0,43.0,174.0,312.0,332.0,76.0,96.0,61.0,92.0,43.0
20.0,34.0,177.0,361.0,292.0,106.0,132.0,56.0,65.0,40.0
17.0,34.0,141.0,258.0,661.0,92.0,106.0,67.0,97.0,31.0
18.0,38.0,143.0,287.0,554.0,85.0,104.0,58.0,84.0,32.0
24.0,34.0,167.0,260.0,362.0,80.0,100.0,57.0,82.0,29.0
22.0,34.0,129.0,211.0,445.0,77.0,89.0,62.0,97.0,25.0
23.0,35.0,153.0,175.0,271.0,89.0,103.0,49.0,73.0,44.0
24.0,34.0,150.0,187.0,245.0,79.0,98.0,55.0,73.0,32.0
23.0,35.0,141.0,215.0,254.0,66.0,79.0,58.0,72.0,34.0
18.0,29.0,138.0,194.0,258.0,81.0,113.0,58.0,75.0,29.0
20.0,35.0,134.0,221.0,229.0,102.0,135.0,61.0,80.0,27.0
20.0,33.0,144.0,188.0,266.0,63.0,90.0,67.0,90.0,35.0
19.0,34.0,165.0,198.0,300.0,75.0,92.0,57.0,64.0,28.0
19.0,30.0,144.0,206.0,406.0,75.0,97.0,52.0,68.0,43.0
20.0,26.0,116.0,190.0,208.0,69.0,88.0,51.0,65.0,28.0
19.0,28.0,138.0,171.0,263.0,65.0,81.0,47.0,57.0,25.0
17.0,24.0,123.0,192.0,210.0,66.0,80.0,78.0,117.0,27.0
19.0,27.0,96.0,160.0,212.0,54.0,70.0,58.0,88.0,21.0
22.0,27.0,115.0,211.0,232.0,53.0,65.0,44.0,53.0,19.0
15.0,27.0,87.0,165.0,187.0,65.0,76.0,47.0,54.0,17.0
21.0,27.0,93.0,165.0,276.0,51.0,64.0,47.0,54.0,20.0
15.0,29.0,105.0,123.0,208.0,50.0,64.0,42.0,47.0,17.0
