c0,c1,c2,c3
234.73174,517.04596,19.528189,13.145843
742.3584,49.616936,14.008398,26.03389
1135.1342,42.01162,22.38986,46.604004
738.2966,40.39211,14.224346,31.254465
1081.4583,37.636856,18.772648,44.879593
1049.768,37.852364,20.702456,44.1736
1221.4711,38.808613,28.902504,50.692924
964.9294,37.063293,20.504107,40.77497
1475.7169,46.956085,60.01286,59.3358
1418.2368,50.12167,137.37163,53.817947
207.13179,648.3557,18.27766,12.160213
539.007,62.64607,11.928058,18.926386
639.065,47.896255,11.754392,25.666737
239.8887,222.91272,12.935188,13.887326
683.6681,39.188103,9.014143,24.032097
997.20764,39.878445,15.646659,41.09613
706.6723,41.74129,12.662016,30.002125
252.36003,150.2346,11.683996,14.010994
220.96031,201.91815,9.9739,10.1266365
245.9037,137.26959,9.167554,9.979609
364.65723,281.65106,25.150145,18.074371
998.334,43.72205,21.049566,36.26902
746.2047,46.50053,16.032066,31.679327
1285.3403,40.683025,28.063284,52.385376
983.8437,37.83478,21.320082,41.175987
1110.4924,37.610622,23.685991,46.374447
885.8003,37.418713,17.244188,37.66031
277.9334,120.56413,12.253917,15.299969
392.54712,55.65258,8.583575,15.574164
384.40024,72.248604,9.6257925,16.509329
1040.5042,102.94745,143.71825,42.7707
1175.6962,52.645336,112.808334,44.850132
1189.3458,55.936634,173.31076,50.83867
1017.1103,39.529137,62.089325,43.18655
1036.8984,38.198757,37.875473,44.446236
830.38226,37.586647,19.136915,36.232037
1133.3713,38.24088,24.81222,48.180622
915.63416,37.639393,18.578062,39.216755
887.71686,37.187504,15.981262,37.73247
986.34503,37.278614,17.588863,41.782402
210.296,628.6634,18.420004,12.261387
630.334,55.488503,12.529082,21.945211
285.63345,159.96219,13.359669,15.001025
819.7843,37.367092,10.647865,29.31693
792.70404,43.835636,13.838163,33.312164
1153.2008,38.02932,20.24012,47.270897
905.8927,37.99406,17.005217,38.227905
1067.5674,37.101845,19.799702,44.544014
1000.90704,37.158543,19.253246,42.165257
1045.9644,37.021263,20.271112,43.94512
268.70132,420.9063,20.99378,14.452459
839.56445,46.402176,15.923484,29.761238
807.9336,44.097404,15.625186,33.60778
219.4815,256.80585,13.874025,13.825459
265.25604,95.60503,8.852431,10.958999
347.1241,76.83483,9.120623,13.928191
242.13315,410.80008,12.817751,12.493921
417.5881,57.622807,8.183114,14.634182
510.88983,56.077953,9.809199,20.33622
806.3457,38.54684,11.281652,31.801054
588.0674,164.9171,38.364594,25.834837
875.14813,45.48702,20.97585,32.291634
1203.6624,43.45069,30.277332,49.77464
722.6119,40.12009,14.882041,30.92963
766.24304,39.240757,12.951348,32.18436
965.8063,37.84597,15.884745,40.549404
915.2773,37.919968,15.961339,38.720078
800.43475,38.373363,13.682428,33.879135
726.8653,39.740788,12.198242,30.708984
676.4476,41.062798,11.310874,28.455175
537.1797,181.2852,34.7072,24.126823
995.6407,43.78806,23.905924,36.7588
444.5682,71.664604,13.669256,20.811722
743.6204,38.94796,11.127799,29.206018
416.7997,75.40318,11.492952,19.481745
720.8477,38.60918,10.076727,27.943073
728.2349,42.398914,11.978752,30.554192
232.75433,448.7162,15.722036,15.810789
407.25516,56.40272,8.026272,14.834067
535.8146,54.18699,9.878378,21.294191
950.544,107.39969,97.34022,38.54338
1218.0294,51.836613,93.859695,45.994537
1237.831,57.088078,171.67006,51.617134
1056.8599,40.45144,73.87991,44.361565
1232.6785,45.85786,101.2233,50.92979
1222.9779,44.888916,108.78779,49.80729
1173.8062,41.334442,85.887,48.522717
803.48956,37.273163,23.592905,35.90124
461.52475,51.14966,11.921084,21.29887
725.5299,38.76301,11.098247,29.74415
247.1942,476.4294,20.075863,13.622801
631.0514,54.655525,13.098007,22.38349
1081.8164,41.21597,19.367142,43.828075
770.31683,40.237717,14.456454,32.51363
222.73499,330.37476,14.900747,14.846233
502.41876,46.534943,8.181786,17.99739
574.36566,53.520813,10.620305,23.57046
499.98453,49.771137,9.678369,20.636309
433.20404,58.084476,9.531599,18.42118
547.87616,45.339584,9.225885,21.923342
708.8656,137.12367,49.546738,29.855062
1244.5431,47.68338,53.87854,46.539883
854.07605,43.14473,22.666021,35.89677
388.387,60.65083,11.2099285,17.947792
226.01323,271.95544,12.28989,12.529587
208.49268,384.6617,11.055743,8.938801
224.19272,704.75366,13.072328,8.807092
221.41142,816.68634,13.547945,8.225981
217.99162,642.4597,12.272291,7.5533323
437.59833,65.83328,8.799191,13.469707
409.03998,245.55925,27.279186,19.68229
939.9028,44.296833,20.163527,34.29478
1231.9642,44.204594,32.35269,50.92494
1059.846,37.845028,25.335543,43.85019
803.015,38.450558,15.755574,34.371933
686.92505,40.544243,12.251371,29.250383
476.446,53.0567,10.373919,20.88905
476.53214,50.660343,9.381509,19.81216
844.7876,37.74348,11.535234,33.88988
776.6911,40.464226,12.813988,32.87413
438.28616,226.84943,28.805986,20.72521
1130.8441,43.670147,28.017017,41.69336
1207.6771,44.409855,36.95523,49.47521
626.47485,41.900856,13.678665,27.189735
221.62912,609.28394,18.076767,16.278805
961.21906,38.03374,11.441261,30.161562
892.4227,43.397472,16.215584,36.355286
359.68323,76.29587,10.9052105,17.034464
236.72023,599.9265,14.7810955,13.498094
389.321,67.27405,8.183778,13.5574665
762.5996,128.04863,56.10897,31.646193
1085.1166,44.049168,33.950222,40.262554
1360.9437,52.593807,75.91775,55.39526
1139.6161,39.542957,49.712326,46.18718
1308.8357,45.686825,83.679924,52.902054
1088.7407,38.32908,45.516224,45.287785
1275.1177,42.575684,64.62624,52.168198
1177.414,39.398438,52.206852,48.431942
1094.6815,37.13259,36.031555,46.128395
916.4343,36.490204,21.115091,39.562527
394.84146,255.97765,26.578766,19.172611
753.70074,48.643482,16.348076,27.452078
680.2945,46.83451,13.446003,28.45729
1006.52936,38.138016,16.456547,41.325512
1069.3951,38.36048,20.41113,44.976227
835.7712,38.452816,15.339173,35.52341
1176.88,38.11714,22.977491,49.058838
1283.1173,40.337856,35.820038,52.76005
1067.2761,36.769085,26.320757,44.476738
323.43683,83.982056,12.237757,16.755484
296.0067,367.82535,22.13794,15.49968
644.54926,53.671726,13.886754,23.198694
791.25,43.384403,13.978623,32.210876
988.0659,38.449993,16.74776,40.976482
1005.26807,37.987762,18.377388,42.277348
1214.4176,38.91251,26.94901,50.58409
1247.5796,39.57784,35.500484,51.240173
992.745,36.235016,22.753796,41.753113
790.0917,37.7589,15.000032,33.866207
720.2423,39.6698,12.47551,30.627499
701.45917,138.43242,48.706303,29.600035
1118.9628,44.1699,34.741623,41.616516
1111.5325,42.638493,31.95212,45.963516
988.7475,37.617676,22.588652,41.50377
619.7343,44.03356,12.925447,27.25767
564.1256,44.7774,10.454497,23.813704
515.9814,49.097538,9.9313965,21.81184
348.98138,75.73528,9.854469,15.91158
233.45308,226.68723,10.916279,11.861651
221.35358,509.40793,12.045828,9.643786
419.8331,238.22453,27.824314,20.066704
776.46454,47.915062,16.990385,28.355078
636.1581,48.461823,13.122911,26.83031
223.68654,597.1843,17.340153,15.607958
892.0034,38.5963,10.585881,28.219072
946.4584,42.144573,16.530928,38.44723
981.2108,37.97422,17.073067,40.41901
444.33148,58.846275,11.2287445,20.33674
298.34393,91.13492,9.806542,13.947115
237.7664,189.26926,10.273416,11.31468
539.16174,180.57051,34.83947,24.193405
673.19745,52.4318,16.775211,25.002268
1258.3967,43.294514,28.62081,51.23026
737.2922,41.000084,15.363524,31.517984
658.73816,41.318455,11.673702,27.742668
355.79382,79.35285,10.703983,16.92057
883.45435,36.23859,11.337107,33.695713
770.3642,42.405212,13.336535,32.75646
915.069,37.2442,14.324516,37.791706
653.23785,42.90534,11.914997,28.00099
558.1138,174.11804,36.153534,24.83219
957.07886,44.17413,22.91429,35.324806
1275.8329,45.64649,38.569695,52.621967
926.36554,37.29432,20.98891,38.78326
931.348,37.5244,17.943169,39.459896
1235.4005,39.712017,28.743338,51.726627
1358.446,43.27787,52.073254,54.752487
1172.3529,38.104168,41.223717,47.858006
868.36066,36.127262,19.693,37.29967
601.59247,43.129402,12.22215,26.386211
506.89142,192.93883,32.748062,23.098526
1039.5107,43.54152,25.082626,38.384567
1198.2524,43.974606,33.710808,49.47327
1039.2035,37.650303,24.84465,43.183846
999.7945,37.41815,21.148962,42.27991
806.2716,38.36885,15.12234,34.49397
1013.9607,37.28764,17.774372,42.62107
865.0955,38.101063,15.541618,36.79516
1032.2306,37.104195,18.254307,43.310078
810.0344,38.59113,14.581419,34.54884
475.65652,206.92233,30.882563,22.028915
1136.4728,43.76455,29.320564,42.048557
1442.7827,56.517433,92.56622,57.439857
976.12665,36.340046,30.779846,40.25417
603.13354,43.15592,13.669256,26.76359
463.56592,51.778507,10.31603,20.23127
358.90814,70.908066,9.723196,16.081034
244.46187,169.98672,10.452284,12.17699
248.67503,124.05138,9.130031,10.570979
363.59515,66.90123,8.6957,14.002259
275.9233,405.35455,21.30016,14.731785
1022.0503,43.927967,20.048855,36.440205
993.18164,42.474606,21.56658,41.233315
380.78082,65.67908,11.321942,17.849289
380.8858,61.93382,9.289086,16.12869
488.26498,50.25528,9.119738,19.64229
264.10303,169.06497,11.273573,13.853914
378.77386,59.16004,8.395741,14.598725
686.6425,41.45056,9.834104,26.598919
692.3731,42.385654,11.266268,28.780079
234.72952,517.0957,19.530182,13.146467
588.65875,57.67433,12.610214,20.86562
1075.018,40.965107,18.638939,43.226307
800.2481,39.989677,14.910045,33.712177
1118.3896,37.89383,20.242445,46.46945
1203.6282,39.05524,28.119955,50.10429
1185.068,38.240505,30.843601,48.93694
806.11566,37.541138,16.375414,34.593376
1074.3339,37.18572,20.153564,45.070396
1070.2476,37.490643,21.90207,45.055977
709.1097,136.99983,49.542423,29.853539
1084.3158,43.906437,32.20216,40.265846
1300.4841,48.266907,54.410828,53.225155
516.5844,48.658623,13.68752,23.533546
990.47485,37.231506,16.154154,40.279053
937.21,38.64886,17.22028,39.73326
692.8859,40.768967,12.535391,29.641764
568.0071,45.02065,10.549466,24.14689
816.4233,38.161427,11.901604,33.438988
841.7781,38.832775,13.526472,35.47014
237.91333,505.9453,19.670311,13.267326
811.3469,47.453957,14.970147,28.45573
646.4592,50.351185,13.590338,27.335482
624.99054,42.854095,10.874993,25.673773
240.43904,436.04944,15.609579,15.746564
696.5066,39.940876,8.865492,23.500168
956.6304,40.890167,15.14326,38.908455
1199.1539,39.152935,23.721079,49.42575
1083.896,37.321304,23.27734,45.00669
1116.9539,37.27636,24.695335,46.555164
548.17114,177.44057,35.45765,24.497894
954.12274,44.190586,22.66403,35.197258
787.456,43.83977,16.347855,33.170025
476.4985,52.034447,10.857505,20.878998
481.04135,50.840122,9.584839,20.08154
479.43265,51.929794,9.502932,20.00227
240.74083,264.8276,12.264986,13.562007
284.41782,85.51421,8.549816,11.38719
249.3333,428.6003,12.806239,12.078901
564.56586,46.711334,8.386776,18.733433
484.57407,202.71098,31.402786,22.33611
1141.9338,43.846073,29.918158,42.287502
834.9501,44.042118,19.174992,35.181175
799.7772,38.687695,14.246483,33.397465
603.8177,45.32219,11.548627,26.02273
231.47124,534.66125,16.225878,15.725525
371.74426,63.69324,8.108068,13.6159725
300.53775,181.13354,11.602531,14.026106
693.3973,39.7784,9.1967745,24.513456
815.7911,41.700954,12.923345,33.48713
320.45908,331.23425,23.180933,16.428432
623.43317,54.965153,14.008398,22.625624
1180.2513,41.716095,22.72701,47.80359
814.0744,39.593353,15.901347,34.359142
583.8239,44.47144,11.241364,25.011383
276.74124,121.21272,11.01988,14.337146
352.65714,64.10367,8.639139,14.218989
286.69812,124.8097,10.131406,13.346907
515.1229,46.161564,8.521812,19.161036
401.46005,74.72196,10.272973,17.758097
305.9778,351.9269,22.563526,15.880768
756.0764,48.597412,15.250847,27.098614
1060.4822,41.653004,20.47245,43.611416
848.7623,38.777958,15.832611,35.65633
589.41833,45.016983,11.456315,25.422106
765.35895,38.888065,11.629539,31.422808
606.0154,45.37635,11.073342,25.89816
838.2215,37.729,12.24473,34.278904
895.0852,38.24577,14.450145,37.674484
415.58112,65.31454,11.038697,19.371664
273.63855,410.04166,21.197,14.641288
559.3307,59.86383,12.973375,20.218758
1111.4023,40.852554,19.420824,44.454384
982.83,38.716465,19.261215,41.09686
753.2984,39.44188,13.638486,31.989294
226.8953,290.22995,14.28622,14.728527
520.0892,45.03776,8.208571,18.68841
722.4391,43.69704,11.26184,29.084326
348.50146,83.49171,10.710735,16.54444
498.39597,46.5734,8.71994,19.436409
301.72086,358.50723,22.379345,15.717727
627.86,54.692005,13.817133,22.671757
1198.5577,41.950687,23.396328,48.596264
728.70044,41.35983,14.558174,31.033888
734.88416,39.506947,12.241741,30.643026
246.56271,220.5757,13.34373,14.878398
620.9688,40.21073,8.581362,22.251226
430.85834,85.95839,11.684549,19.77504
914.5504,36.077618,11.921195,34.653164
798.5734,41.72869,13.809164,33.754253
320.2872,331.64655,23.188791,16.427565
1064.5858,43.54566,22.33983,38.44238
1173.0808,43.475983,30.734465,48.34619
246.94083,141.25293,13.414125,14.392359
557.2831,42.875626,8.796756,20.767288
604.59924,49.07807,10.820425,25.185896
313.47626,91.725685,10.335621,15.009413
236.42159,521.8632,13.500018,12.43389
206.75311,492.39417,11.26339,8.224837
221.82076,628.0923,12.251703,8.149763
934.49506,108.59072,91.88473,37.884525
1072.5477,44.577972,40.56204,39.55788
1117.3821,42.861336,35.334015,46.441307
820.1772,38.199413,17.813887,35.055153
929.9742,37.906147,17.143684,39.448147
885.8566,38.1225,15.877993,37.673653
678.5987,41.101444,12.231891,29.074795
630.3811,42.276962,10.847764,26.533169
318.99765,94.03939,10.712506,15.689028
397.63535,56.659412,8.677105,15.979792
660.67676,146.7104,44.57307,28.248081
1194.9755,45.40804,41.33562,44.596245
810.42584,44.751358,20.11582,34.40018
1486.6722,50.76368,66.102905,59.249115
1165.7657,39.208977,47.375748,46.468586
1251.3594,41.591038,57.607433,50.981365
1000.22473,36.420532,29.036324,42.28414
742.2606,38.44238,15.381234,32.34411
726.6528,39.36835,12.669985,30.963978
425.83997,60.914104,10.639786,19.396517
298.39032,363.95523,22.24464,15.592916
1018.5411,43.788998,20.403494,36.536697
884.9389,43.576874,18.72793,37.012997
1096.04,38.201576,21.460321,45.204876
925.7579,37.94545,17.868456,39.13655
886.73724,37.573765,15.718051,37.434986
706.9584,40.431976,12.5448,30.173971
705.18005,40.195312,11.570986,29.557644
1055.1554,37.381668,16.77499,43.97649
1119.0917,38.023773,22.02648,47.026405
900.46,111.46821,82.006905,36.549522
1218.5536,49.731647,74.696106,45.69445
1279.4037,57.29945,154.57143,52.56464
1124.6736,43.08888,99.471245,46.49798
1136.3584,41.423485,73.906364,47.56551
1228.8096,43.558163,84.919495,50.442783
1203.1139,41.865124,77.94241,49.43365
1070.4657,37.13654,42.37817,45.375996
935.765,36.336376,23.642271,40.662186
721.2807,39.17099,14.35086,31.602694
301.42444,359.03473,22.371487,15.708056
895.7991,45.104897,17.477734,32.052307
731.9661,46.401142,14.991288,30.841455
597.0903,44.031303,11.080758,25.00608
487.6117,52.393436,10.110818,20.885445
267.2656,130.88747,10.613996,13.569251
239.00533,143.04498,9.481569,10.7450075
235.80176,175.79208,9.697296,10.157518
262.30804,115.63339,9.084871,10.632639
293.66302,96.666954,9.159584,12.071207
249.88402,468.55246,20.189869,13.7255335
768.2798,48.525574,14.576217,27.086136
997.6922,41.82695,18.738556,41.033707
250.60493,155.93082,13.097675,14.488749
482.43533,47.282547,8.498458,18.097385
906.9925,38.922195,12.724332,36.376637
926.05304,38.781437,15.448974,38.957844
1107.9655,37.414013,20.257498,46.171097
1278.0787,39.84309,32.532776,52.814747
995.31244,36.935326,22.225382,41.83408
591.716,163.88083,38.64994,25.957293
1026.765,43.66526,26.148531,38.01783
894.6995,42.23822,19.474949,37.48122
487.57956,50.815678,11.2839775,21.551266
429.96036,56.24899,9.667411,18.418755
284.2356,111.58471,10.177562,13.736589
226.82544,390.08862,11.90094,11.038544
220.09691,691.8801,13.008351,9.1382
225.51796,928.44324,14.464867,8.673027
233.27197,1109.0208,16.03583,8.72772
339.167,308.1314,24.001114,17.131235
848.0893,45.942673,17.148445,30.573082
713.7969,46.392963,14.412291,30.020288
578.7573,45.110725,10.925355,24.313398
488.82773,52.109947,10.024483,20.845411
654.1778,41.399883,10.042525,26.395395
593.1428,45.751892,10.497333,24.966013
287.27176,113.40525,10.712285,14.534188
370.56448,60.565735,8.580697,14.811434
603.50665,43.696663,9.30248,23.551743
749.99286,130.02835,54.451782,31.223097
1261.043,49.349525,63.978844,47.245007
1363.8921,66.71694,245.47902,54.949287
986.58453,38.300117,61.850574,41.43767
1129.9948,40.173496,53.303417,47.698673
1027.372,37.411755,31.787086,43.74666
1221.1669,39.97087,40.420914,51.186623
1309.3682,42.8304,60.352997,53.20266
1302.4839,43.50203,81.40079,52.129932
1043.5791,36.24508,37.530354,44.05562
729.01904,133.48157,51.84192,30.518457
1119.4252,44.266556,35.78196,41.62213
1079.4144,42.192524,30.006264,44.72619
598.0348,43.459435,13.068786,26.162376
893.63763,37.914608,14.220915,37.024227
654.45624,43.802536,12.183743,28.241045
1004.42554,37.02935,15.506973,41.366028
769.5658,40.272884,13.685528,32.88671
1042.4486,37.01299,17.29123,43.29171
983.55524,37.46817,18.040682,41.508274
534.7745,182.15665,34.548367,24.045961
794.1394,47.466743,18.586475,29.262236
804.8224,42.88343,15.390089,33.43687
555.7819,46.84984,11.231623,23.847462
228.77753,318.92725,13.587791,13.987494
235.0618,123.85167,8.917847,9.837745
250.18544,665.3629,14.234198,11.502919
548.4531,51.849686,8.43924,17.353025
675.2632,47.51921,11.214466,26.421564
1099.0963,37.757114,17.128521,44.282814
229.14085,538.1156,19.2797,12.935526
784.55566,48.35774,14.444168,27.419567
1006.9352,41.91195,19.07626,41.43237
450.76508,57.306973,11.473472,20.342598
622.93756,41.748722,9.884244,24.903381
824.0522,39.34776,12.3884,34.079437
502.49472,53.200844,10.805261,22.152063
1023.44116,36.264633,14.288986,40.790638
1177.8064,38.81529,23.34508,49.52155
1302.2974,40.4961,36.503742,53.19559
825.46924,119.45462,65.86194,33.811653
995.05316,44.08123,29.561195,36.726185
1252.7657,45.94935,43.287567,51.781944
559.1753,45.800125,13.6003,24.966671
378.82672,64.085144,10.271202,17.123402
295.49445,95.92697,9.788833,13.703905
387.98578,59.89439,8.723261,15.518153
532.7128,47.783142,9.196221,21.180471
246.31989,374.8638,13.902472,14.810082
450.5191,51.43296,8.061691,16.109005
269.70074,418.60202,21.031193,14.4895115
722.76917,49.99774,14.325513,25.688156
1092.3679,41.66739,20.895601,44.775578
781.3011,39.693775,14.720993,32.960194
854.018,38.139236,14.125946,35.717575
966.3734,37.737087,16.386372,40.657093
752.1874,39.611313,13.244998,32.039757
577.4014,44.35541,10.731434,24.599726
248.03746,187.74556,11.9216385,13.980978
266.24252,96.99266,8.831401,11.224425
349.08618,297.1968,24.440868,17.49943
845.6754,46.003223,17.250164,30.544106
1077.246,41.95934,22.309282,44.56807
723.804,40.396057,13.889964,30.733974
792.7632,38.9048,12.991638,33.147633
702.8373,41.13191,12.000557,29.768967
941.23193,37.41138,14.548766,39.10893
996.45306,37.646824,17.31713,42.017952
1008.87024,37.128548,18.349052,42.412766
964.1748,36.962498,17.587313,40.654976
213.95032,607.9877,18.58725,12.38488
565.3444,59.97591,12.160166,19.872053
748.1415,44.283295,12.859147,29.981607
821.6381,39.61818,13.415454,33.959545
301.06018,115.00172,11.909242,15.839903
657.62177,39.123035,9.100145,24.513699
794.95496,41.375435,12.4493885,32.97371
373.05103,74.36344,10.742392,17.549063
440.22385,51.589325,8.818229,17.704477
267.10352,717.10504,17.157852,16.99353
313.85455,340.34155,22.898352,16.179329
722.19904,49.840717,14.927201,25.96346
528.1413,56.653206,12.236096,22.68621
409.74002,59.469013,9.855355,17.57121
319.22958,88.58492,9.829233,14.5433035
793.51385,37.539913,10.151772,29.779158
992.6337,39.079407,15.99056,41.655647
904.0299,37.897495,15.483066,37.95159
891.24664,37.28012,14.996822,37.4092
913.34845,37.47466,15.441558,38.471252
1014.443,103.802246,126.62005,41.42845
1097.065,45.81705,53.08625,40.53273
897.45105,41.75878,24.115896,37.871353
890.9718,38.295227,18.058613,37.775936
580.0966,46.506546,12.071175,25.551872
666.5033,40.942917,10.846214,27.581291
441.19775,60.49042,10.417749,19.71466
301.45547,90.51895,9.7092495,14.004755
246.38345,150.59134,9.858897,11.527528
241.90028,699.45764,14.167675,11.485694
311.62875,343.5204,22.802387,16.094828
728.53577,49.59879,14.975792,26.1717
623.78174,49.512943,12.777682,26.163761
272.7639,118.841,11.180818,14.002571
478.2109,48.31947,8.595197,18.177658
688.4323,42.614986,10.483276,27.694769
509.08762,51.82693,10.318908,21.846153
726.4924,39.047062,10.500321,29.13389
799.0447,39.569942,12.452376,33.39535
703.88495,40.65106,11.678682,29.612339
271.04132,415.76486,21.09539,14.543823
911.6074,45.027702,17.277615,32.359257
869.65857,43.31576,17.310266,36.225624
331.0297,80.36242,11.201848,16.083183
301.14502,85.55878,9.403646,13.363023
261.54794,131.1184,9.796581,11.97759
246.33264,721.04626,14.639418,12.095122
1073.5902,39.41057,11.90415,30.714529
931.8433,42.24283,16.898294,37.203907
1327.4003,41.358604,31.209196,53.388092
895.2663,111.97915,80.69362,36.357437
1228.2683,50.42716,78.99969,46.124203
1174.2966,46.636303,70.26458,48.105476
488.75287,49.378674,14.19756,22.68122
1141.3645,38.357662,21.218252,46.569794
1082.189,38.620934,23.880798,45.46365
930.679,37.198692,18.209589,39.4242
697.6862,40.07289,12.848521,29.978903
723.5141,39.76514,11.8705015,30.408308
896.2661,37.795197,13.990135,37.49647
243.40736,487.9535,19.910055,13.476882
743.10315,49.450886,14.157049,26.150833
631.21826,50.379395,13.017206,26.513136
775.40674,39.39562,12.1947,31.51639
359.17944,85.20552,11.3342285,17.437943
457.45352,49.959755,8.792329,18.143726
359.58304,81.99904,10.020277,16.187128
431.6332,53.73604,8.787901,17.225128
453.79865,55.877396,9.331368,18.768164
299.59784,103.208374,10.030018,14.165959
408.7818,245.7616,27.269556,19.674074
959.6636,44.045033,20.6822,35.030823
1026.3152,41.98247,22.232466,42.650253
204.6312,333.0832,15.955584,14.412912
391.6536,57.42018,8.308299,14.642155
482.38803,59.66271,9.839748,19.577892
238.68063,412.0988,13.645791,13.677252
328.08096,72.778625,8.282399,12.260936
263.70514,322.57217,12.485914,12.80652
810.015,38.32419,9.77378,26.742413
783.38434,125.00255,59.054207,32.354023
1119.325,44.47774,38.005417,41.577873
1083.0828,42.253735,31.081686,44.899105
960.21466,37.66149,21.418592,40.465767
232.61037,219.62679,14.881156,15.01073
931.8581,35.820736,11.731148,32.417137
1029.8402,40.43978,18.875696,43.02351
703.64636,41.026505,12.882612,29.917347
503.01404,48.982635,10.297767,21.63989
516.80853,47.690056,9.554069,21.402227
344.1837,302.5031,24.223703,17.318018
662.9933,52.610638,14.651925,24.081764
1239.9808,42.755367,26.078024,50.523506
923.52234,38.35813,19.019588,38.641468
878.4983,37.697315,15.789333,37.00073
793.54047,38.860233,13.73755,33.653706
650.541,41.994507,11.496161,27.664474
637.0989,42.126705,10.696014,26.624603
571.96594,45.558384,10.263564,24.07913
878.9529,37.457455,12.508937,35.880512
432.32254,230.38002,28.482784,20.51233
1047.1086,43.453606,23.952635,38.4455
1053.9368,42.196194,24.716476,43.741875
495.99792,50.086033,11.774315,22.078098
515.83276,47.493824,9.814402,21.443506
327.5687,90.4537,10.3263235,15.51389
688.6892,38.967705,9.368116,26.069244
639.38696,46.523003,11.24723,27.00725
856.08044,37.635258,12.516907,34.90154
555.6023,49.30928,11.14894,24.207857
221.78232,569.29553,18.94753,12.663929
644.69415,54.258545,12.8214035,22.576962
852.45197,42.62025,14.759512,34.55584
237.39735,205.65608,13.463823,14.263215
343.1534,65.117645,8.537087,13.455046
303.99377,116.071365,10.192837,13.738046
243.33566,156.09329,9.802447,11.037087
421.35016,55.576607,8.435588,15.537702
550.1215,48.55886,9.517321,21.832531
388.12753,67.99213,9.860889,17.10219
618.5861,156.62097,40.807762,26.849478
990.5691,43.908504,25.109743,36.653294
1253.8635,45.326233,38.611202,51.74517
648.7281,41.772884,14.329608,28.2033
846.648,38.098244,13.94243,35.226097
821.29956,39.18246,13.935124,34.805565
358.39218,77.32546,11.018774,17.322939
267.7507,109.919975,9.678479,12.576239
315.661,78.96838,8.881431,13.026127
244.19298,424.6303,12.759641,12.397947
581.1733,166.93764,37.84116,25.604868
942.8052,44.359737,22.800837,34.8109
1168.3431,43.088688,29.569054,48.411076
915.80615,37.73267,19.231884,38.500645
631.36163,43.174538,12.432343,27.406189
883.35736,37.65331,13.672134,36.538433
866.27826,38.62338,14.555739,36.66442
814.7569,38.40063,13.538426,34.355537
559.41907,46.220894,10.889161,24.156666
231.9203,302.5127,13.211239,14.076224
533.83606,182.5334,34.49446,24.016811
1064.8146,43.520176,26.75719,39.40725
893.76886,42.46953,19.752108,37.438934
203.5292,315.65485,15.167832,13.903547
201.4923,235.73848,10.043189,8.798704
236.17673,704.0547,13.686192,9.689434
212.55025,276.68198,9.785069,7.7097535
285.4326,111.96006,9.150729,10.367281
260.62817,836.4567,16.07789,12.909461
201.59541,497.03992,11.14894,7.6570005
254.503,455.66248,20.382906,13.901745
626.34106,54.937508,13.171946,22.294724
292.2284,137.34265,12.806904,14.954234
245.89908,126.07201,9.770791,11.095074
251.68585,795.2348,15.718384,12.376908
358.1584,80.23981,8.46005,12.054327
287.02856,233.9107,11.972111,12.9649515
982.0016,36.58752,11.784166,32.71736
1062.122,40.007355,19.36349,43.703922
1140.4601,38.221603,23.360796,46.86045
491.52014,199.55856,31.814537,22.57443
1025.4491,43.553463,24.21994,37.799572
763.4314,45.17551,16.526611,32.37447
936.1779,37.96181,16.141535,38.71928
817.7132,39.389225,14.47682,34.718533
1029.8575,37.525715,17.729324,43.099865
805.4398,38.925205,14.444168,34.32046
648.41925,41.490902,11.46993,27.522264
232.32669,357.7179,14.546331,15.088403
283.95673,84.378,8.460825,11.333431
749.36005,130.12689,54.368103,31.201435
1166.9629,45.21876,42.21314,43.47912
1332.8713,52.56729,84.31205,53.91538
741.9906,38.131527,19.117212,32.08731
955.8544,37.64814,18.678566,40.471104
1095.4115,38.287895,22.735754,46.293205
717.0206,41.217003,14.074698,31.18005
1306.9575,39.86086,27.757349,53.867165
1097.4786,37.652557,25.933247,45.589363
818.8252,37.58505,15.854084,34.980495
276.50357,404.10513,21.321522,14.752858
861.6473,45.874126,16.427658,30.61814
583.63983,54.951332,13.475446,25.26461
854.9895,38.00544,12.99839,34.315784
725.86957,42.081196,12.692344,30.806482
981.8792,37.347538,15.478085,40.64153
1007.66034,37.69346,18.007809,42.450787
608.77545,44.64586,11.998565,26.544712
1176.5316,37.411003,19.466537,47.9877
1029.0441,37.75185,20.412016,43.22523
843.38477,117.347015,69.18905,34.448357
1285.7511,55.743504,111.16011,48.723156
1305.2456,82.41981,650.5006,55.46056
985.8974,50.965084,374.66653,45.75729
981.49536,43.352528,151.6139,45.19999
1192.4021,52.725822,254.08928,51.809185
1183.775,54.83784,400.0518,51.89719
1118.5691,53.44174,488.72562,51.85556
988.6479,41.971375,163.80307,46.66157
1047.9175,39.21424,78.528824,47.370094
210.6717,626.3087,18.433174,12.271993
411.5339,82.36715,11.719637,15.009517
606.3235,47.93283,10.782238,23.48055
251.53265,197.28444,12.602688,14.021738
223.66049,596.31085,13.474117,10.604079
236.66293,161.82495,9.106012,8.741827
317.74597,92.80981,9.158256,12.006427
490.81436,51.29756,8.914526,18.426346
632.4474,43.771416,10.014411,25.234697
851.3746,38.40063,12.441973,34.852703
321.64236,329.8311,23.247011,16.478376
1284.8221,46.598316,35.86597,46.63277
1432.8159,57.23777,111.89861,55.051918
1083.38,37.570755,47.100582,43.736397
1131.4941,38.72587,40.257984,47.368256
937.46466,36.793156,22.744055,40.114834
431.94055,57.35455,11.76203,20.249466
670.5976,39.660583,10.255485,26.950304
479.70264,57.931305,10.673102,21.22716
473.824,50.01852,9.264847,19.525833
212.43549,616.2,18.514196,12.331366
560.4168,60.48553,12.114231,19.69546
318.8803,115.432175,12.169685,15.3672085
929.96625,36.746895,12.133048,34.027203
1006.7676,39.783195,17.820307,42.250553
720.50476,40.643158,12.933307,30.576443
761.38696,38.823467,12.187284,31.671598
660.4944,42.265865,11.36843,27.944597
356.39426,75.36106,10.35477,16.691607
480.00256,48.10302,8.780817,18.99907
466.32742,211.45543,30.333008,21.70117
842.6875,46.09932,18.731361,30.886166
818.01166,43.0445,15.923484,34.09233
641.0635,42.919914,11.882012,27.131784
570.5232,45.769005,10.490027,24.081038
244.95659,206.99876,12.15275,13.924482
596.28174,41.330772,8.474328,21.379732
822.3457,41.241447,12.482262,33.57624
1028.9496,37.7904,16.80089,42.70512
930.55334,37.440716,16.383717,39.122375
654.769,147.9919,44.007355,28.050034
1007.0915,43.830086,26.472507,37.29447
1081.5221,42.140247,26.528294,44.951374
1198.9724,40.236588,32.70722,49.607853
1217.9708,39.976326,38.093967,50.157078
1151.3528,38.16218,34.308178,47.71392
816.6953,37.32243,17.353434,35.20821
404.92642,61.901005,11.156246,18.949955
644.37555,40.31228,9.769795,25.596687
770.17236,40.38393,11.945878,32.09854
441.4367,224.97417,28.969027,20.834183
986.12915,43.772545,21.981762,36.14958
966.47064,42.050827,20.701902,40.273506
747.8504,39.743893,13.896052,31.62914
747.1382,39.920662,12.5660515,31.462112
630.6539,43.156105,11.169417,26.766363
365.29016,72.34385,10.240985,16.89915
379.4663,61.54079,8.969205,15.833595
391.16074,63.55342,9.165561,16.400911
558.67834,44.822254,9.107673,22.01675
1034.5938,103.131744,139.52911,42.461567
1195.0272,56.185707,147.58836,46.24073
1150.8866,55.6082,193.53947,49.769924
956.2764,38.414265,51.449318,41.199936
780.3009,38.244358,20.228167,34.552097
618.59814,42.222424,12.583428,27.150639
237.5781,205.87845,12.838338,14.124956
708.4714,38.06317,9.189359,25.360619
969.13367,40.018543,15.452738,40.37066
1072.4921,38.01578,19.506495,44.788574
339.5684,307.63797,24.01484,17.14503
811.21326,46.86629,16.526169,29.251978
260.34854,202.22534,14.934728,15.145211
408.88733,55.222126,8.676884,15.594752
318.04184,120.56751,10.88739,14.870703
224.6259,327.30545,11.429419,10.78601
219.16235,202.48212,9.450245,8.74609
279.88736,106.69243,9.025322,10.738907
244.24379,541.2795,13.339967,11.600418
223.19072,864.0054,14.282013,9.365986
207.28055,647.5232,18.287622,12.166522
637.91296,55.161667,12.538269,22.142498
367.81036,92.75772,12.239196,17.151442
659.78656,40.722424,9.800787,25.05956
792.7521,41.074833,12.473739,32.819645
346.45013,85.10379,11.031171,16.835722
671.84467,38.96065,9.350407,25.593985
626.3058,46.967556,11.090277,26.4425
277.1877,121.759865,10.85994,14.243147
230.63185,173.8875,9.831558,10.6743
203.69424,672.2935,18.132551,12.0607395
501.52875,66.8734,11.730484,17.676992
503.8765,57.151546,10.985789,20.61974
423.9633,59.191353,9.870297,17.915108
466.64603,52.455402,9.295949,19.06988
732.0007,39.808582,10.461692,29.2378
767.8501,40.279934,12.1267395,32.108246
612.44434,43.61947,10.840348,25.896532
552.17395,45.735626,9.991941,23.09506
602.3217,43.42775,9.978106,24.777775
484.2067,202.82532,31.369247,22.319992
864.9126,45.613014,19.42315,31.746256
929.3837,41.802505,18.462284,38.607777
574.1535,45.860584,11.799552,24.81843
983.95386,37.439304,14.917129,40.26179
900.22424,38.76207,15.788226,38.168324
1183.1863,38.272663,23.301912,49.303677
1186.2882,38.45451,28.625679,49.231655
956.7305,36.506,19.892456,40.380608
941.574,36.76053,17.61244,39.8457
362.75485,283.4498,25.061485,18.004148
852.8966,45.82664,17.574032,30.875698
1074.4329,41.950596,22.356213,44.470882
678.3757,41.516663,13.280196,28.960035
856.5306,38.139236,13.643467,35.575714
616.00165,44.853092,11.58139,26.548178
774.6276,38.56179,11.699602,31.808332
769.02655,39.80576,12.432896,32.35156
905.0848,37.598682,14.197339,37.783005
921.6255,37.60169,15.409238,38.81924
558.2812,174.06972,36.167812,24.838394
877.353,45.4055,20.64811,32.33711
1062.3815,41.739975,22.947496,44.054752
976.91833,38.074547,19.71868,40.96144
764.152,39.499798,14.125614,32.65754
676.81464,40.98222,11.761144,28.658665
238.8963,240.64722,13.222971,14.532524
387.94772,56.69439,8.238567,14.714039
274.1869,223.09561,11.95108,13.814159
399.7434,57.78331,8.367738,14.900095
352.20807,293.97302,24.58631,17.61665
905.91266,44.80025,18.486193,32.752926
905.68726,42.467175,18.094032,37.703564
394.99985,63.509983,11.090277,18.226496
225.0833,281.7327,12.155075,12.406023
219.7894,628.158,13.047756,9.696886
221.29794,828.19727,13.74563,8.562565
237.41656,1166.5542,16.631985,9.129015
223.4376,855.64465,13.901587,7.668716
242.98325,1100.6139,16.304796,8.606618
235.05551,515.92694,19.54457,13.15884
709.8846,50.840313,13.646123,24.92449
417.63873,76.86595,12.323317,18.982674
276.131,105.591,10.105394,12.961416
329.62665,74.99915,9.007059,13.53109
241.64508,275.9367,11.553608,12.0526285
221.97636,174.34325,9.332365,9.21615
298.32712,91.9395,8.910319,11.50344
239.50319,289.39038,11.345962,11.3063965
219.06792,522.87335,11.958385,9.171646
239.87909,499.35315,19.75742,13.342435
890.37067,45.757156,16.30369,31.260252
973.5185,42.391766,19.401455,40.326504
976.4765,37.883015,18.161884,40.559593
873.9623,38.146477,15.70964,36.955288
512.5773,50.171032,11.098468,22.655085
514.8422,47.131634,9.59956,21.320568
642.0252,42.27141,10.115799,26.19669
262.63882,179.9222,12.135151,14.709326
456.1414,48.85307,8.244877,17.06032
386.1919,262.8111,26.162144,18.86022
851.425,45.846577,17.866684,30.929388
1000.3277,41.745525,20.024395,41.438747
243.95218,159.18779,13.162094,14.288587
780.4624,37.081535,9.996037,28.036066
874.90015,41.479427,14.590606,36.62054
927.6632,37.770935,15.328105,38.567883
750.90204,39.544743,12.97747,31.814432
873.52795,37.6535,13.823996,36.43733
742.9,39.897907,12.617631,31.49237
313.80576,340.47864,22.902225,16.179537
911.1005,44.797054,17.991428,32.697678
957.2308,42.264454,19.348768,39.777035
528.99713,48.08732,11.4935055,23.029137
557.1033,45.406628,9.982976,23.050522
249.16809,223.41277,12.44485,14.21535
849.579,36.23605,10.169813,29.461567
1080.745,39.852303,18.655985,44.99182
801.9302,39.36816,14.3341465,33.825134
817.5763,37.797077,13.311631,34.098396
323.6523,327.00626,23.317408,16.548252
753.51465,48.692284,15.463141,27.121075
622.7274,50.555977,13.018313,26.329056
1080.6493,37.98165,17.542486,43.82537
1025.0773,38.37007,19.667654,43.11962
619.34235,43.918755,12.22691,26.936058
562.4872,44.683754,10.237885,23.569662
742.0684,39.5926,11.118834,30.41666
643.1865,43.26245,11.086403,27.189806
885.8121,37.418243,13.037241,36.44634
238.24524,504.77798,19.68326,13.279319
598.31995,56.917515,12.725771,21.217245
805.27094,43.05249,13.773745,32.443893
224.45053,362.1141,15.518817,14.960854
1338.5997,38.54797,19.364042,41.1737
1235.5768,41.037224,32.336643,49.00917
1012.6417,37.653217,22.304964,41.718765
1043.3606,36.954975,21.62181,43.588436
1136.9098,38.06834,25.497698,47.55646
1205.3398,38.696342,31.46311,49.89089
357.81448,288.28162,24.838564,17.82312
837.40576,46.16711,17.218065,30.285784
633.2182,50.333885,13.596093,27.015846
1074.8939,37.920628,17.687595,43.62611
923.7962,38.66005,17.119001,39.031776
1190.4985,38.573452,24.6442,49.54883
987.1807,37.207626,20.240786,41.567196
1195.2301,38.30689,27.316376,49.77526
1108.7847,37.43329,26.245602,46.291958
1123.2023,37.28717,26.562162,46.947586
269.55402,418.99127,21.028868,14.485144
803.197,47.305866,15.372269,28.484394
1365.9584,46.396538,37.132328,56.151924
1032.8541,37.69073,24.992195,42.474564
1055.962,37.21214,22.99166,44.252106
905.74286,37.400097,17.688812,38.512184
783.26074,38.48986,13.901143,33.342804
876.39856,37.71292,14.381631,36.868397
678.95966,41.496635,12.056896,29.027346
721.1089,39.58922,11.485204,30.022297
385.98456,262.99268,26.153843,18.853218
1087.5118,43.46047,24.65571,39.77901
1043.7554,42.30611,24.76529,43.256565
723.1223,39.729786,13.977849,30.692902
360.13727,75.70144,10.978816,17.221178
651.9843,40.086147,9.498393,25.282494
761.20416,41.207504,11.936913,31.693262
758.4604,39.65532,12.086671,31.6873
919.8593,37.505314,14.34754,38.353825
965.00885,37.527596,16.371761,40.636433
231.06097,530.696,19.367363,13.008207
726.63525,50.247005,13.7646675,25.450735
724.74634,45.942295,13.717627,29.928543
225.28418,622.7771,18.161774,16.37405
648.9777,43.27251,8.688173,21.49657
880.664,42.203526,13.9042425,35.247757
393.95404,72.512436,11.071128,18.34486
599.52856,41.65253,9.222011,23.329676
509.80206,54.75914,10.316361,21.835962
855.6572,37.25605,11.720301,34.04935
532.69836,182.90518,34.407463,23.975115
847.2359,46.05193,19.63633,31.192804
1113.0604,42.032303,24.467987,46.04975
702.8524,41.06938,13.993345,30.09699
1205.2928,38.996006,23.058514,50.001247
1143.9377,38.582195,26.716127,47.63691
1056.1602,36.915203,23.151047,44.21561
1010.104,36.786293,20.660837,42.647446
697.9137,40.51594,13.32436,30.200243
779.4105,38.34403,12.53041,32.554424
219.88937,577.8752,18.854887,12.592529
635.25214,54.901966,12.721454,22.246096
376.44016,87.2269,12.066304,17.348658
353.23096,68.6615,9.402207,14.866613
523.42065,47.8405,9.130031,20.516731
326.19724,97.79414,10.4999895,15.482385
703.30426,38.525684,9.38649,26.342157
963.2014,38.919563,14.771024,40.083813
1000.80225,37.70747,17.263557,41.906693
887.66345,37.26921,15.442444,37.361645
897.8892,111.748505,81.37212,36.459373
1286.8636,64.44122,200.18816,49.949223
1255.4728,90.73653,1026.9877,55.150455
893.72394,51.70968,439.5416,43.856705
942.2162,43.852936,166.03062,44.818
846.7992,37.720913,37.4003,38.84922
1018.25,37.458206,29.377346,44.976295
793.1917,38.331146,16.979538,35.18946
707.61835,39.62899,12.891135,30.737682
762.3139,39.16544,12.5422535,32.45464
385.1472,263.67172,26.113333,18.822683
1023.2493,43.551113,22.205347,37.322235
544.35345,59.66581,14.256224,24.351385
415.2945,56.613434,9.843401,17.7373
244.08357,231.62267,11.883562,13.099884
264.347,100.31688,8.823099,10.859455
266.18246,887.67883,16.795689,13.820259
479.7823,61.29181,8.325677,15.3127575
498.6656,65.15657,10.522238,19.764433
235.96106,363.85687,12.987321,12.962665
281.68143,393.77106,21.54057,14.952604
905.06,45.052334,17.33174,32.223526
610.3795,53.526173,13.953387,26.388601
1058.3616,37.48425,17.029015,42.505688
921.53754,38.77702,16.953749,38.913654
812.34283,38.397057,14.010943,34.26629
750.3157,39.377563,12.584204,31.662136
474.75543,54.06598,10.522238,20.977259
996.4331,36.326412,13.702241,39.664806
995.9386,38.31488,17.559643,42.091187
337.6492,309.8223,23.92762,17.072693
513.27234,64.91041,13.508099,19.086342
1073.0732,40.31811,18.090048,42.392315
906.7352,39.29971,17.155418,38.09505
343.22232,85.19979,11.600649,17.104511
1384.6631,39.198257,23.540993,51.154736
1357.7961,43.07327,47.3732,53.895897
1198.5795,39.144566,40.99139,48.449757
1124.3463,37.016,33.231094,46.59298
1269.0444,40.738407,45.691994,52.150833
327.84976,321.66125,23.501146,16.706648
660.9442,52.705982,14.434871,23.931097
904.0549,41.64407,15.876554,36.783512
247.91252,169.17677,13.098007,14.414472
385.29504,57.332737,8.500893,14.929244
386.04016,73.93008,9.732716,16.466316
234.63194,250.301,11.307111,12.046633
236.14697,135.50143,9.030082,9.770538
256.3091,858.17865,15.771291,12.251855
645.93164,49.236412,8.75381,19.435059
248.22522,473.351,20.118698,13.661794
717.17694,50.374413,13.934238,25.307796
359.7274,98.22403,12.753996,17.320618
1277.402,38.15447,20.030703,47.145428
1245.1652,40.74715,32.436813,50.947365
1186.0701,38.867096,32.59277,48.515263
1086.6492,36.826256,27.056376,45.26751
682.59033,41.20525,14.099936,29.897556
738.0425,38.82751,12.200345,30.851194
623.65234,43.7402,11.157463,26.566963
221.87915,568.6626,18.945318,12.664553
509.11496,65.44787,12.030221,18.167433
355.43457,87.95025,11.318622,15.970468
223.7078,326.09488,12.349882,11.650537
230.59933,861.504,15.195614,10.35619
361.52368,87.31745,8.661277,11.654869
292.63828,177.89528,11.159013,12.677412
339.5985,73.52219,8.777054,13.083732
259.3373,581.8705,14.621819,13.614933
465.84158,55.546703,8.177026,15.675095
758.9891,128.62021,55.635124,31.52672
1028.4769,43.87522,29.845436,38.071274
1364.2676,51.53291,66.48709,55.758877
715.4788,39.504593,17.445635,30.985434
925.793,37.555336,16.917332,38.87622
861.1514,38.5538,15.488821,36.659466
431.86053,59.74921,10.974389,19.84124
600.2281,41.95821,9.542557,23.990019
510.30603,52.64458,10.207226,21.844143
382.36368,64.39185,9.523409,16.700064
335.5369,312.34323,23.84073,16.995644
914.1147,44.713936,18.410263,32.95967
1283.5524,45.14307,34.76055,52.9686
1028.567,37.512554,24.215845,42.507317
546.0562,48.397606,12.422049,24.472939
952.92816,36.856342,14.421699,38.675537
835.7893,39.424953,14.568247,35.501194
725.2586,39.74361,12.257016,30.60289
605.9241,43.71133,10.823081,25.687601
916.78564,37.24514,13.385237,37.656254
221.04292,572.5479,18.909567,12.635161
636.2769,54.81076,12.747686,22.293962
939.6727,41.61774,16.139544,38.00823
529.15607,49.948284,11.520291,23.001513
498.60498,48.922176,9.702276,20.75727
396.52966,64.828514,9.718327,17.353926
523.0821,46.31821,9.033845,20.800838
501.89633,51.54974,9.716112,20.9966
240.59927,425.25626,14.058428,14.583094
368.22247,62.765575,8.116038,13.514973
399.50964,252.43718,26.80545,19.340227
875.4536,45.355007,18.531906,31.867393
987.3127,41.8089,19.950788,40.9612
837.14685,38.751255,15.380239,35.201523
910.8231,37.979958,15.585007,38.308105
1110.4321,38.02603,21.00651,46.65783
932.71246,37.464695,17.678629,39.46586
892.25934,37.168415,15.7055435,37.659996
718.35065,39.97736,12.6544895,30.641985
227.6482,428.5563,15.807043,15.778173
961.4221,106.69872,101.44179,39.011604
1257.3726,67.686165,261.60773,49.768158
1079.3475,54.55595,236.69278,47.252148
840.5691,37.625103,38.153736,37.19018
725.3662,39.335346,17.477623,32.25642
981.1956,37.649643,18.596767,41.921352
1002.7822,37.765953,19.47982,42.855858
957.50116,37.21355,17.971947,40.7453
1124.0585,37.684715,22.80294,47.43397
1238.4867,39.292282,32.064796,51.516205
443.85007,223.52419,29.087791,20.915668
667.363,52.557137,15.784352,24.597923
676.1447,45.94483,12.847082,27.911913
689.56146,41.88619,11.690305,28.612463
605.03925,44.80373,10.824188,25.53475
597.27747,44.0959,10.256259,24.847925
964.51666,37.340107,13.97475,39.617046
768.40393,40.526096,13.309971,32.756805
887.368,37.245987,13.960582,36.85079
821.95465,38.54675,13.706004,34.71909
557.38416,174.38019,36.10992,24.809662
1086.2997,43.605457,28.404085,40.28096
977.30164,41.91985,22.792757,40.71539
203.65007,294.38336,15.32567,13.966421
725.4706,38.608147,9.4045315,25.131063
938.1836,41.139996,15.396288,38.757786
409.90506,67.71409,11.182146,19.096775
353.5392,67.000336,9.213156,15.226419
422.29727,57.218117,8.967434,17.190607
365.74017,72.070984,9.469726,15.886174
266.88306,424.97003,20.912205,14.380678
727.7006,49.800194,14.337688,25.832897
374.50156,89.25232,12.549669,17.707771
332.47375,74.948006,9.4947405,14.295831
777.79016,38.634193,10.311934,29.530506
772.3843,41.746277,12.713595,32.456337
361.2378,76.09588,10.66469,17.087736
595.63916,41.555214,9.05731,23.051943
580.1635,48.113174,10.405796,24.323692
863.40826,37.543392,12.237314,34.983616
933.0841,108.70779,91.43977,37.82876
1098.4462,44.957558,44.108856,40.590683
1371.0479,59.67935,134.322,56.20686
926.7257,36.809048,33.658672,38.96724
204.59572,243.47977,16.322838,14.191885
1093.7366,36.77313,15.448089,36.96586
1018.206,40.499016,20.843138,42.230835
576.9534,46.41365,11.930936,25.164927
571.32355,44.03027,10.129524,23.717556
329.9427,92.5487,10.576473,15.894735
1019.0221,103.623314,129.35033,41.65603
1148.4241,48.32144,73.10943,42.91887
1056.2493,42.437088,40.816948,44.08709
1255.5376,44.465893,59.162018,51.69356
1084.922,38.185123,37.390446,45.17968
1319.721,44.29627,64.98122,53.83784
1299.6384,44.736313,89.67511,51.73193
1355.6743,53.749767,228.85402,53.77459
1251.8396,58.818634,522.3874,53.327194
1007.65076,42.60643,190.66553,46.04171
885.00397,112.92449,78.13357,35.965084
1212.3412,48.8211,67.86757,45.364037
1176.7825,45.934586,61.420116,48.20502
856.4171,37.166443,22.171146,36.62373
1193.8341,39.989204,31.45182,50.352596
1196.0828,39.63595,35.729717,49.560337
1055.8224,36.81544,26.479923,44.37865
827.86395,37.408558,16.524618,35.624374
925.84454,37.23696,16.346746,39.24573
728.163,40.079567,13.044104,31.23353
359.1035,286.96262,24.891472,17.868872
679.6212,51.81602,15.009662,24.727587
1347.0878,45.21218,33.068386,54.905025
1278.4998,42.19845,44.923946,51.285297
1406.5674,48.979065,102.287315,55.030704
1362.5404,56.477566,284.8213,53.63186
1237.1388,62.12808,700.99725,53.879055
1153.7988,68.790504,1210.3002,56.131233
944.29486,54.45553,778.8313,50.28248
726.1437,39.734863,62.755432,37.44795
809.5227,121.45682,63.128555,33.253727
1178.7726,46.021465,48.231903,43.921448
1407.1954,66.83513,209.09804,56.95822
1064.4622,40.42991,81.77413,43.860413
996.01196,37.264793,37.549393,42.71694
269.8059,118.03125,14.319979,15.682269
786.46967,36.697815,10.849424,29.624262
1265.3107,40.65106,25.144388,53.657192
1370.7032,43.95373,48.26378,55.460316
1285.3011,40.78984,56.933357,51.28918
333.05496,315.24487,23.72595,16.901093
684.9338,51.49464,14.748554,24.782072
363.0644,89.33883,12.224031,17.144787
418.00482,56.00499,9.183603,16.868477
592.14233,45.197796,9.673498,23.621824
246.47383,279.86072,13.224964,14.561743
228.46594,142.15286,9.090295,9.739483
450.40878,53.78719,8.511297,16.296272
581.1317,46.967087,9.75452,23.073467
424.7975,60.655624,9.855908,18.38115
437.38858,227.3441,28.752747,20.691626
1167.3884,44.059605,30.266264,43.10697
1317.3024,48.359055,54.545864,53.152576
1208.5712,40.57377,49.60374,48.61529
1228.7142,41.105392,54.197758,50.19985
1295.7917,43.827736,76.50482,52.03552
1148.7675,38.83757,52.50692,47.331966
1228.1602,40.594078,57.602562,50.540142
964.01996,36.474033,27.16208,41.34922
1156.6896,38.114323,30.937243,48.875416
726.59125,133.90825,51.558342,30.438496
1139.2806,44.541866,37.692177,42.399246
1090.4955,42.316074,31.474068,45.090324
214.4894,190.22607,14.290647,13.628207
289.89008,81.635345,8.948506,12.038973
434.81555,57.728397,8.993776,17.075363
282.20923,135.4202,10.628274,13.75392
934.23376,35.876026,11.280767,33.440823
1106.2966,39.499424,19.95743,46.358437
1223.4048,39.17099,27.897255,50.3196
497.44827,196.9121,32.162643,22.774662
787.0355,47.650284,18.047876,28.939482
879.9072,41.911575,16.669506,36.393726
280.71674,113.68413,12.018931,14.923039
308.93063,77.32603,9.011044,13.085118
279.08548,117.83614,9.787726,12.609548
248.24794,743.0762,15.04331,12.651971
205.08896,274.41293,9.621144,7.769542
230.41101,407.12714,11.2031765,8.665783
227.833,195.70113,9.491863,8.529777
210.17514,629.3642,18.414137,12.257193
500.913,66.70321,11.82667,17.761286
241.64194,302.05798,14.390818,13.607931
548.2977,45.851276,8.742077,19.167448
909.14197,40.272976,13.507655,36.434208
716.8532,41.84538,12.505949,30.226862
448.1294,55.226826,10.185199,19.639553
579.1155,43.373306,9.436742,23.24403
485.10538,53.958977,9.95785,20.726147
396.0974,61.66942,9.396452,17.02507
209.03508,636.1263,18.358461,12.2182
454.587,73.595245,11.71211,16.30473
237.18852,461.43927,15.850542,13.747785
317.5268,78.46271,8.791996,11.873262
639.0989,44.403553,9.721425,23.782406
687.63434,43.100536,11.236714,28.179247
452.21136,56.22802,10.145574,19.689186
344.80832,73.235504,9.490645,15.311233
279.8177,106.968864,9.582072,12.846275
250.19412,137.61665,9.547095,11.2382555
270.92325,415.97388,21.0872,14.538139
834.49194,46.499306,15.876664,29.600414
619.4734,51.527832,13.469912,26.412725
217.70647,443.13855,15.282724,14.1698065
229.65424,132.672,8.99112,9.420922
263.73065,894.01465,16.449795,12.407825
278.71957,121.99728,8.822214,9.73976
274.81207,211.92575,10.898569,11.312879
266.47333,119.18345,9.19279,10.635447
363.17102,70.435394,8.856969,13.964792
295.14313,369.40527,22.110489,15.469976
886.21014,45.282043,17.182978,31.651184
890.97125,42.781693,17.52854,37.045094
211.36159,326.4515,15.211996,14.301133
595.49615,42.1976,8.520263,20.852205
685.80975,47.853096,11.776197,28.2076
944.75726,37.590782,14.237628,38.392643
996.03156,37.80977,17.229576,41.778137
744.5195,39.954887,13.244555,31.727991
1206.1571,38.13529,22.11547,49.94253
450.18054,219.97055,29.431581,21.137562
659.9969,52.96747,15.76465,24.360882
1146.8726,41.529545,22.595514,46.651314
821.8717,39.385464,16.012033,34.731426
868.31116,37.9903,14.772684,36.416565
596.0591,45.173912,11.510994,25.801252
576.35706,44.10455,10.124322,23.990435
247.96075,595.21826,16.860771,16.88962
955.5343,37.384678,10.991323,30.013842
1054.0162,40.693745,18.83585,42.738224
556.51227,174.67036,36.049267,24.780617
1096.5109,43.641563,28.966038,40.676537
1178.9503,43.773388,34.660713,48.579178
692.19995,40.02644,14.571014,29.766264
217.95688,548.77496,17.780682,16.111397
1148.905,37.63253,14.503717,35.21071
1052.6847,40.979584,21.148077,42.509224
1186.4602,39.212738,26.518885,48.391006
812.7289,38.25047,15.97761,34.54946
1118.3512,37.593697,21.268171,46.557384
310.6567,344.90182,22.758001,16.05698
716.27496,50.135586,14.822161,25.745935
1111.8561,41.677166,21.601446,45.5546
972.766,38.23082,19.212402,40.6417
1160.7803,38.473408,24.888815,48.450623
1164.877,38.451405,28.48865,48.461784
1335.7026,42.055435,48.0299,54.186836
1347.9854,44.40487,77.13496,53.210392
1261.792,41.945988,81.74812,50.297348
859.325,36.28833,24.606123,37.50978
221.60565,570.0372,18.937681,12.656651
587.0864,58.02599,12.403454,20.674988
687.90344,46.177174,12.43035,27.815039
232.18532,631.40607,18.131224,16.583294
495.58212,51.249702,8.191083,17.059765
676.50006,47.24644,11.115292,26.665674
625.2149,43.9102,10.663916,25.667776
551.70605,46.678616,10.076174,23.044006
243.90042,501.54904,15.421967,15.726912
1713.1906,47.092518,35.313427,45.406635
747.1138,130.48785,54.083088,31.126257
1170.605,45.301224,42.61493,43.622643
1025.4596,41.76348,28.55495,42.509674
662.26166,41.14752,13.775072,28.62047
706.13324,40.622,12.048484,29.75233
795.6112,39.298206,12.724221,33.396217
594.2794,44.986237,11.040579,25.489414
341.34637,77.801704,10.1485615,15.972929
309.72565,82.18935,9.202973,13.612992
347.0075,70.77342,8.95083,14.412497
954.5842,107.12015,98.81245,38.71311
1109.367,45.389046,47.994038,41.021404
867.5115,42.084866,22.137386,36.636726
510.57233,48.29455,11.7174225,22.56067
600.24805,43.713306,10.347022,24.899778
589.5035,45.464077,10.399265,24.766163
792.40576,38.828922,11.68466,32.556297
892.0962,38.287704,14.107794,37.483334
837.498,38.296356,13.838385,35.314133
758.445,39.099716,12.5830965,31.982222
267.32492,423.99527,20.933235,14.398598
723.058,49.967464,14.288654,25.674362
688.5198,46.941135,13.324249,28.569485
439.69144,56.69834,10.404689,19.159822
416.113,58.338253,9.39291,17.569372
520.3176,47.70181,9.230312,20.955458
727.22644,40.267525,10.674652,29.47796
1027.431,37.660362,15.889061,42.84633
1090.786,37.77705,20.380028,45.79559
1116.6494,37.23668,23.066483,46.57579
553.98914,175.48125,35.862762,24.69369
950.9746,44.232143,22.6513,35.086243
1070.283,41.96987,24.385084,44.459892
637.3495,42.480717,12.993299,27.487709
442.27628,55.77406,10.287694,19.48535
495.24985,48.82025,9.33159,20.32416
254.77061,192.10951,11.628763,13.804316
221.9054,517.1145,12.443632,10.304824
209.40932,470.62387,11.046667,7.970155
230.02606,817.05304,13.775958,8.707895
224.38824,557.61975,19.061428,12.757234
513.92114,64.88577,12.08811,18.349468
879.9462,41.436646,14.121408,34.728237
716.22595,42.02356,12.834022,30.097025
573.902,45.336765,10.651075,24.266607
247.63846,186.59328,11.869062,13.86452
216.45682,197.6564,9.751421,9.69751
228.33215,524.3571,12.228681,9.612593
232.54199,999.9278,15.363193,9.623406
1239.8306,42.03898,13.716298,31.997057
224.97961,555.14734,19.090427,12.780005
681.8629,52.298473,13.205261,23.864342
639.95544,49.331753,12.68216,26.531332
596.6201,44.50228,10.693689,24.618961
539.60657,48.173447,10.156753,22.668291
338.35275,81.183174,10.063223,15.696376
432.73706,52.926754,8.731119,17.253168
426.85327,59.896362,9.402097,17.937948
252.65866,655.0426,15.841245,15.47164
198.08655,425.8348,10.736303,8.0325775
